command,type,verification_status,source
*ARGV,action,extracted,AREG_UserManual_en_08.pdf#page=359
*CLS,action,pending-review,"AREG_UserManual_en_08.pdf, AREG_UserManual_en_08.pdf#page=298, AREG_UserManual_en_08.pdf#page=339, AREG_UserManual_en_08.pdf#page=363, AREG_UserManual_en_08.pdf#page=583, Remote_Control_SCPI_GettingStarted_en_04.pdf#page=26, Remote_Control_SCPI_GettingStarted_en_04.pdf#page=35, Remote_Control_SCPI_GettingStarted_en_04.pdf#page=37, Remote_Control_SCPI_GettingStarted_en_04.pdf#page=38"
*COMMAND,action,extracted,AREG_UserManual_en_08.pdf#page=359
*ESE,action,extracted,"AREG_UserManual_en_08.pdf#page=363, AREG_UserManual_en_08.pdf#page=583, Remote_Control_SCPI_GettingStarted_en_04.pdf#page=14, Remote_Control_SCPI_GettingStarted_en_04.pdf#page=30, Remote_Control_SCPI_GettingStarted_en_04.pdf#page=31, Remote_Control_SCPI_GettingStarted_en_04.pdf#page=36, Remote_Control_SCPI_GettingStarted_en_04.pdf#page=38, Remote_Control_SCPI_GettingStarted_en_04.pdf#page=39"
*ESE?,query,extracted,Remote_Control_SCPI_GettingStarted_en_04.pdf#page=30
*ESR?,query,extracted,"AREG_UserManual_en_08.pdf#page=363, AREG_UserManual_en_08.pdf#page=364, AREG_UserManual_en_08.pdf#page=583, Remote_Control_SCPI_GettingStarted_en_04.pdf#page=14, Remote_Control_SCPI_GettingStarted_en_04.pdf#page=27, Remote_Control_SCPI_GettingStarted_en_04.pdf#page=30, Remote_Control_SCPI_GettingStarted_en_04.pdf#page=32, Remote_Control_SCPI_GettingStarted_en_04.pdf#page=39"
*IDN,action,extracted,"AREG_UserManual_en_08.pdf#page=306, AREG_UserManual_en_08.pdf#page=339, AREG_UserManual_en_08.pdf#page=422, AREG_UserManual_en_08.pdf#page=423"
*INIT,action,extracted,Remote_Control_SCPI_GettingStarted_en_04.pdf#page=31
*IST?,query,extracted,"AREG_UserManual_en_08.pdf#page=363, AREG_UserManual_en_08.pdf#page=364, AREG_UserManual_en_08.pdf#page=583, Remote_Control_SCPI_GettingStarted_en_04.pdf#page=29, Remote_Control_SCPI_GettingStarted_en_04.pdf#page=31, Remote_Control_SCPI_GettingStarted_en_04.pdf#page=32"
*NONSENSE?,query,extracted,Remote_Control_SCPI_GettingStarted_en_04.pdf#page=38
*OPC,action,extracted,"AREG_UserManual_en_08.pdf#page=363, AREG_UserManual_en_08.pdf#page=364, AREG_UserManual_en_08.pdf#page=367, AREG_UserManual_en_08.pdf#page=584, Remote_Control_SCPI_GettingStarted_en_04.pdf#page=29, Remote_Control_SCPI_GettingStarted_en_04.pdf#page=31, Remote_Control_SCPI_GettingStarted_en_04.pdf#page=35, Remote_Control_SCPI_GettingStarted_en_04.pdf#page=36, Remote_Control_SCPI_GettingStarted_en_04.pdf#page=39, Remote_Control_SCPI_GettingStarted_en_04.pdf#page=42"
*OPC?,query,pending-review,"AREG_UserManual_en_08.pdf, AREG_UserManual_en_08.pdf#page=359, Remote_Control_SCPI_GettingStarted_en_04.pdf#page=35, Remote_Control_SCPI_GettingStarted_en_04.pdf#page=36, Remote_Control_SCPI_GettingStarted_en_04.pdf#page=37, Remote_Control_SCPI_GettingStarted_en_04.pdf#page=38, Remote_Control_SCPI_GettingStarted_en_04.pdf#page=39, Remote_Control_SCPI_GettingStarted_en_04.pdf#page=42"
*OPT,action,extracted,"AREG_UserManual_en_08.pdf#page=306, AREG_UserManual_en_08.pdf#page=422, AREG_UserManual_en_08.pdf#page=423"
*OPT?,query,extracted,"AREG_UserManual_en_08.pdf#page=306, AREG_UserManual_en_08.pdf#page=363, AREG_UserManual_en_08.pdf#page=364, AREG_UserManual_en_08.pdf#page=423, AREG_UserManual_en_08.pdf#page=549, AREG_UserManual_en_08.pdf#page=584"
*PRE,action,extracted,"AREG_UserManual_en_08.pdf#page=363, AREG_UserManual_en_08.pdf#page=365, AREG_UserManual_en_08.pdf#page=584, Remote_Control_SCPI_GettingStarted_en_04.pdf#page=29"
*PRE?,query,extracted,Remote_Control_SCPI_GettingStarted_en_04.pdf#page=29
*PSC,action,extracted,"AREG_UserManual_en_08.pdf#page=363, AREG_UserManual_en_08.pdf#page=365, AREG_UserManual_en_08.pdf#page=584"
*RCL,action,extracted,"AREG_UserManual_en_08.pdf#page=225, AREG_UserManual_en_08.pdf#page=363, AREG_UserManual_en_08.pdf#page=365, AREG_UserManual_en_08.pdf#page=366, AREG_UserManual_en_08.pdf#page=397, AREG_UserManual_en_08.pdf#page=398, AREG_UserManual_en_08.pdf#page=402, AREG_UserManual_en_08.pdf#page=444, AREG_UserManual_en_08.pdf#page=584"
*RST,action,pending-review,"AREG_UserManual_en_08.pdf#page=168, AREG_UserManual_en_08.pdf#page=172, AREG_UserManual_en_08.pdf#page=176, AREG_UserManual_en_08.pdf#page=219, AREG_UserManual_en_08.pdf#page=221, AREG_UserManual_en_08.pdf#page=298, AREG_UserManual_en_08.pdf#page=339, AREG_UserManual_en_08.pdf#page=361, AREG_UserManual_en_08.pdf#page=362, AREG_UserManual_en_08.pdf#page=363, AREG_UserManual_en_08.pdf#page=365, AREG_UserManual_en_08.pdf#page=367, AREG_UserManual_en_08.pdf#page=368, AREG_UserManual_en_08.pdf#page=371, AREG_UserManual_en_08.pdf#page=372, AREG_UserManual_en_08.pdf#page=374, AREG_UserManual_en_08.pdf#page=377, AREG_UserManual_en_08.pdf#page=378, AREG_UserManual_en_08.pdf#page=380, AREG_UserManual_en_08.pdf#page=381, AREG_UserManual_en_08.pdf#page=382, AREG_UserManual_en_08.pdf#page=384, AREG_UserManual_en_08.pdf#page=385, AREG_UserManual_en_08.pdf#page=386, AREG_UserManual_en_08.pdf#page=388, AREG_UserManual_en_08.pdf#page=389, AREG_UserManual_en_08.pdf#page=390, AREG_UserManual_en_08.pdf#page=391, AREG_UserManual_en_08.pdf#page=392, AREG_UserManual_en_08.pdf#page=393, AREG_UserManual_en_08.pdf#page=394, AREG_UserManual_en_08.pdf#page=413, AREG_UserManual_en_08.pdf#page=414, AREG_UserManual_en_08.pdf#page=416, AREG_UserManual_en_08.pdf#page=417, AREG_UserManual_en_08.pdf#page=418, AREG_UserManual_en_08.pdf#page=420, AREG_UserManual_en_08.pdf#page=421, AREG_UserManual_en_08.pdf#page=422, AREG_UserManual_en_08.pdf#page=425, AREG_UserManual_en_08.pdf#page=427, AREG_UserManual_en_08.pdf#page=428, AREG_UserManual_en_08.pdf#page=430, AREG_UserManual_en_08.pdf#page=431, AREG_UserManual_en_08.pdf#page=432, AREG_UserManual_en_08.pdf#page=435, AREG_UserManual_en_08.pdf#page=436, AREG_UserManual_en_08.pdf#page=437, AREG_UserManual_en_08.pdf#page=438, AREG_UserManual_en_08.pdf#page=439, AREG_UserManual_en_08.pdf#page=440, AREG_UserManual_en_08.pdf#page=441, AREG_UserManual_en_08.pdf#page=442, AREG_UserManual_en_08.pdf#page=443, AREG_UserManual_en_08.pdf#page=444, AREG_UserManual_en_08.pdf#page=448, AREG_UserManual_en_08.pdf#page=449, AREG_UserManual_en_08.pdf#page=450, AREG_UserManual_en_08.pdf#page=451, AREG_UserManual_en_08.pdf#page=452, AREG_UserManual_en_08.pdf#page=453, AREG_UserManual_en_08.pdf#page=454, AREG_UserManual_en_08.pdf#page=455, AREG_UserManual_en_08.pdf#page=456, AREG_UserManual_en_08.pdf#page=457, AREG_UserManual_en_08.pdf#page=458, AREG_UserManual_en_08.pdf#page=459, AREG_UserManual_en_08.pdf#page=460, AREG_UserManual_en_08.pdf#page=461, AREG_UserManual_en_08.pdf#page=462, AREG_UserManual_en_08.pdf#page=463, AREG_UserManual_en_08.pdf#page=466, AREG_UserManual_en_08.pdf#page=467, AREG_UserManual_en_08.pdf#page=468, AREG_UserManual_en_08.pdf#page=469, AREG_UserManual_en_08.pdf#page=470, AREG_UserManual_en_08.pdf#page=471, AREG_UserManual_en_08.pdf#page=472, AREG_UserManual_en_08.pdf#page=474, AREG_UserManual_en_08.pdf#page=477, AREG_UserManual_en_08.pdf#page=478, AREG_UserManual_en_08.pdf#page=480, AREG_UserManual_en_08.pdf#page=481, AREG_UserManual_en_08.pdf#page=482, AREG_UserManual_en_08.pdf#page=484, AREG_UserManual_en_08.pdf#page=485, AREG_UserManual_en_08.pdf#page=486, AREG_UserManual_en_08.pdf#page=487, AREG_UserManual_en_08.pdf#page=489, AREG_UserManual_en_08.pdf#page=490, AREG_UserManual_en_08.pdf#page=492, AREG_UserManual_en_08.pdf#page=493, AREG_UserManual_en_08.pdf#page=494, AREG_UserManual_en_08.pdf#page=495, AREG_UserManual_en_08.pdf#page=496, AREG_UserManual_en_08.pdf#page=497, AREG_UserManual_en_08.pdf#page=499, AREG_UserManual_en_08.pdf#page=500, AREG_UserManual_en_08.pdf#page=501, AREG_UserManual_en_08.pdf#page=504, AREG_UserManual_en_08.pdf#page=505, AREG_UserManual_en_08.pdf#page=506, AREG_UserManual_en_08.pdf#page=507, AREG_UserManual_en_08.pdf#page=508, AREG_UserManual_en_08.pdf#page=509, AREG_UserManual_en_08.pdf#page=510, AREG_UserManual_en_08.pdf#page=511, AREG_UserManual_en_08.pdf#page=512, AREG_UserManual_en_08.pdf#page=515, AREG_UserManual_en_08.pdf#page=516, AREG_UserManual_en_08.pdf#page=517, AREG_UserManual_en_08.pdf#page=518, AREG_UserManual_en_08.pdf#page=519, AREG_UserManual_en_08.pdf#page=522, AREG_UserManual_en_08.pdf#page=523, AREG_UserManual_en_08.pdf#page=524, AREG_UserManual_en_08.pdf#page=525, AREG_UserManual_en_08.pdf#page=526, AREG_UserManual_en_08.pdf#page=527, AREG_UserManual_en_08.pdf#page=528, AREG_UserManual_en_08.pdf#page=529, AREG_UserManual_en_08.pdf#page=530, AREG_UserManual_en_08.pdf#page=531, AREG_UserManual_en_08.pdf#page=532, AREG_UserManual_en_08.pdf#page=533, AREG_UserManual_en_08.pdf#page=584, Remote_Control_SCPI_GettingStarted_en_04.pdf, Remote_Control_SCPI_GettingStarted_en_04.pdf#page=14, Remote_Control_SCPI_GettingStarted_en_04.pdf#page=18, Remote_Control_SCPI_GettingStarted_en_04.pdf#page=33, Remote_Control_SCPI_GettingStarted_en_04.pdf#page=37, Remote_Control_SCPI_GettingStarted_en_04.pdf#page=42"
*SAV,action,extracted,"AREG_UserManual_en_08.pdf#page=224, AREG_UserManual_en_08.pdf#page=363, AREG_UserManual_en_08.pdf#page=365, AREG_UserManual_en_08.pdf#page=366, AREG_UserManual_en_08.pdf#page=397, AREG_UserManual_en_08.pdf#page=404, AREG_UserManual_en_08.pdf#page=584"
*SRE,action,extracted,"AREG_UserManual_en_08.pdf#page=363, AREG_UserManual_en_08.pdf#page=366, AREG_UserManual_en_08.pdf#page=584, Remote_Control_SCPI_GettingStarted_en_04.pdf#page=27, Remote_Control_SCPI_GettingStarted_en_04.pdf#page=28, Remote_Control_SCPI_GettingStarted_en_04.pdf#page=31, Remote_Control_SCPI_GettingStarted_en_04.pdf#page=36, Remote_Control_SCPI_GettingStarted_en_04.pdf#page=38, Remote_Control_SCPI_GettingStarted_en_04.pdf#page=39"
*SRE?,query,extracted,Remote_Control_SCPI_GettingStarted_en_04.pdf#page=28
*STB,action,extracted,Remote_Control_SCPI_GettingStarted_en_04.pdf#page=31
*STB?,query,extracted,"AREG_UserManual_en_08.pdf#page=363, AREG_UserManual_en_08.pdf#page=366, AREG_UserManual_en_08.pdf#page=584, Remote_Control_SCPI_GettingStarted_en_04.pdf#page=27, Remote_Control_SCPI_GettingStarted_en_04.pdf#page=28, Remote_Control_SCPI_GettingStarted_en_04.pdf#page=32, Remote_Control_SCPI_GettingStarted_en_04.pdf#page=37"
*TRG,action,extracted,"AREG_UserManual_en_08.pdf#page=363, AREG_UserManual_en_08.pdf#page=366, AREG_UserManual_en_08.pdf#page=584"
*TST?,query,extracted,"AREG_UserManual_en_08.pdf#page=363, AREG_UserManual_en_08.pdf#page=367, AREG_UserManual_en_08.pdf#page=584"
*WAI,action,extracted,"AREG_UserManual_en_08.pdf#page=363, AREG_UserManual_en_08.pdf#page=367, AREG_UserManual_en_08.pdf#page=584, Remote_Control_SCPI_GettingStarted_en_04.pdf#page=35, Remote_Control_SCPI_GettingStarted_en_04.pdf#page=38, Remote_Control_SCPI_GettingStarted_en_04.pdf#page=42"
:ADD,action,extracted,"AREG_UserManual_en_08.pdf#page=125, AREG_UserManual_en_08.pdf#page=156, AREG_UserManual_en_08.pdf#page=475, AREG_UserManual_en_08.pdf#page=478, AREG_UserManual_en_08.pdf#page=499, AREG_UserManual_en_08.pdf#page=580, AREG_UserManual_en_08.pdf#page=583"
:ADDRESS,action,extracted,"AREG_UserManual_en_08.pdf#page=304, AREG_UserManual_en_08.pdf#page=408, AREG_UserManual_en_08.pdf#page=417, AREG_UserManual_en_08.pdf#page=577"
:ADJUST,action,extracted,"AREG_UserManual_en_08.pdf#page=166, AREG_UserManual_en_08.pdf#page=172, AREG_UserManual_en_08.pdf#page=514, AREG_UserManual_en_08.pdf#page=516, AREG_UserManual_en_08.pdf#page=579"
:ADJUST:ALL,action,extracted,"AREG_UserManual_en_08.pdf#page=166, AREG_UserManual_en_08.pdf#page=467, AREG_UserManual_en_08.pdf#page=472, AREG_UserManual_en_08.pdf#page=581"
:ADJUST:LEVEL,action,extracted,"AREG_UserManual_en_08.pdf#page=166, AREG_UserManual_en_08.pdf#page=467, AREG_UserManual_en_08.pdf#page=470, AREG_UserManual_en_08.pdf#page=472, AREG_UserManual_en_08.pdf#page=581"
:ADJUST:LEVEL:DIGHEADROOM,action,extracted,"AREG_UserManual_en_08.pdf#page=167, AREG_UserManual_en_08.pdf#page=467, AREG_UserManual_en_08.pdf#page=472, AREG_UserManual_en_08.pdf#page=581"
:ADJUST:LEVEL:OTIME,action,extracted,"AREG_UserManual_en_08.pdf#page=167, AREG_UserManual_en_08.pdf#page=467, AREG_UserManual_en_08.pdf#page=471, AREG_UserManual_en_08.pdf#page=472, AREG_UserManual_en_08.pdf#page=581"
:ADJUST:VALUE,action,extracted,"AREG_UserManual_en_08.pdf#page=172, AREG_UserManual_en_08.pdf#page=514, AREG_UserManual_en_08.pdf#page=516, AREG_UserManual_en_08.pdf#page=579"
:ALIAS,action,extracted,"AREG_UserManual_en_08.pdf#page=125, AREG_UserManual_en_08.pdf#page=155, AREG_UserManual_en_08.pdf#page=475, AREG_UserManual_en_08.pdf#page=499, AREG_UserManual_en_08.pdf#page=581, AREG_UserManual_en_08.pdf#page=583"
:ALL,action,extracted,"AREG_UserManual_en_08.pdf#page=184, AREG_UserManual_en_08.pdf#page=384, AREG_UserManual_en_08.pdf#page=386, AREG_UserManual_en_08.pdf#page=441, AREG_UserManual_en_08.pdf#page=521, AREG_UserManual_en_08.pdf#page=524, AREG_UserManual_en_08.pdf#page=575, AREG_UserManual_en_08.pdf#page=576"
:ALL:DATE?,query,extracted,"AREG_UserManual_en_08.pdf#page=369, AREG_UserManual_en_08.pdf#page=554, AREG_UserManual_en_08.pdf#page=575"
:ALL:INFORMATION?,query,extracted,"AREG_UserManual_en_08.pdf#page=369, AREG_UserManual_en_08.pdf#page=370, AREG_UserManual_en_08.pdf#page=554, AREG_UserManual_en_08.pdf#page=575"
:ALL:RESULT?,query,extracted,"AREG_UserManual_en_08.pdf#page=440, AREG_UserManual_en_08.pdf#page=441, AREG_UserManual_en_08.pdf#page=579"
:ALL:START,action,extracted,"AREG_UserManual_en_08.pdf#page=440, AREG_UserManual_en_08.pdf#page=441, AREG_UserManual_en_08.pdf#page=579"
:ALL:TEMP?,query,extracted,"AREG_UserManual_en_08.pdf#page=369, AREG_UserManual_en_08.pdf#page=370, AREG_UserManual_en_08.pdf#page=554, AREG_UserManual_en_08.pdf#page=575"
:ALL:TIME?,query,extracted,"AREG_UserManual_en_08.pdf#page=369, AREG_UserManual_en_08.pdf#page=370, AREG_UserManual_en_08.pdf#page=554, AREG_UserManual_en_08.pdf#page=575"
:ANGLE,action,extracted,"AREG_UserManual_en_08.pdf#page=106, AREG_UserManual_en_08.pdf#page=157, AREG_UserManual_en_08.pdf#page=449, AREG_UserManual_en_08.pdf#page=499, AREG_UserManual_en_08.pdf#page=583"
:ANGLE:HORIZONTAL,action,extracted,"AREG_UserManual_en_08.pdf#page=106, AREG_UserManual_en_08.pdf#page=447, AREG_UserManual_en_08.pdf#page=448, AREG_UserManual_en_08.pdf#page=582"
:ANTENNA,action,extracted,"AREG_UserManual_en_08.pdf#page=475, AREG_UserManual_en_08.pdf#page=481, AREG_UserManual_en_08.pdf#page=482, AREG_UserManual_en_08.pdf#page=483, AREG_UserManual_en_08.pdf#page=484"
:ANTENNA:CUSTOM,action,extracted,"AREG_UserManual_en_08.pdf#page=128, AREG_UserManual_en_08.pdf#page=475, AREG_UserManual_en_08.pdf#page=481, AREG_UserManual_en_08.pdf#page=482, AREG_UserManual_en_08.pdf#page=483, AREG_UserManual_en_08.pdf#page=484, AREG_UserManual_en_08.pdf#page=581"
:ANTENNA:CUSTOM:EXPORT,action,extracted,AREG_UserManual_en_08.pdf#page=581
:ANTENNA:CUSTOM:FLIST,action,extracted,AREG_UserManual_en_08.pdf#page=581
:ANTENNA:CUSTOM:FPOINTS,action,extracted,AREG_UserManual_en_08.pdf#page=581
:ANTENNA:CUSTOM:IMPORT,action,extracted,AREG_UserManual_en_08.pdf#page=581
:ANTENNA:GAIN:RX,action,extracted,"AREG_UserManual_en_08.pdf#page=128, AREG_UserManual_en_08.pdf#page=475, AREG_UserManual_en_08.pdf#page=484, AREG_UserManual_en_08.pdf#page=581"
:ANTENNA:GAIN:TX,action,extracted,"AREG_UserManual_en_08.pdf#page=128, AREG_UserManual_en_08.pdf#page=475, AREG_UserManual_en_08.pdf#page=484, AREG_UserManual_en_08.pdf#page=581"
:APERTURE:DEFAULT:STATE,action,extracted,"AREG_UserManual_en_08.pdf#page=181, AREG_UserManual_en_08.pdf#page=522, AREG_UserManual_en_08.pdf#page=526, AREG_UserManual_en_08.pdf#page=576"
:APERTURE:TIME,action,extracted,"AREG_UserManual_en_08.pdf#page=182, AREG_UserManual_en_08.pdf#page=522, AREG_UserManual_en_08.pdf#page=526, AREG_UserManual_en_08.pdf#page=576"
:AREGENERATOR:CHANNEL,action,extracted,"AREG_UserManual_en_08.pdf#page=159, AREG_UserManual_en_08.pdf#page=467, AREG_UserManual_en_08.pdf#page=469, AREG_UserManual_en_08.pdf#page=580"
:AREGENERATOR:CHANNEL:BW,action,extracted,"AREG_UserManual_en_08.pdf#page=159, AREG_UserManual_en_08.pdf#page=467, AREG_UserManual_en_08.pdf#page=579"
:AREGENERATOR:CHANNEL:CATALOG?,query,extracted,"AREG_UserManual_en_08.pdf#page=467, AREG_UserManual_en_08.pdf#page=579"
:AREGENERATOR:CHANNEL:CONDITION,action,extracted,"AREG_UserManual_en_08.pdf#page=115, AREG_UserManual_en_08.pdf#page=467, AREG_UserManual_en_08.pdf#page=468, AREG_UserManual_en_08.pdf#page=579"
:AREGENERATOR:CHANNEL:CONDITION:INFO,action,extracted,"AREG_UserManual_en_08.pdf#page=116, AREG_UserManual_en_08.pdf#page=467, AREG_UserManual_en_08.pdf#page=468, AREG_UserManual_en_08.pdf#page=579"
:AREGENERATOR:CHANNEL:ID?,query,extracted,"AREG_UserManual_en_08.pdf#page=159, AREG_UserManual_en_08.pdf#page=165, AREG_UserManual_en_08.pdf#page=467, AREG_UserManual_en_08.pdf#page=469, AREG_UserManual_en_08.pdf#page=579"
:AREGENERATOR:CHANNEL:INPUT:NOMGAIN,action,extracted,"AREG_UserManual_en_08.pdf#page=161, AREG_UserManual_en_08.pdf#page=467, AREG_UserManual_en_08.pdf#page=470, AREG_UserManual_en_08.pdf#page=579"
:AREGENERATOR:CHANNEL:INPUT:RELLEVEL?,query,extracted,"AREG_UserManual_en_08.pdf#page=162, AREG_UserManual_en_08.pdf#page=467, AREG_UserManual_en_08.pdf#page=470, AREG_UserManual_en_08.pdf#page=580"
:AREGENERATOR:CHANNEL:NAME,action,extracted,"AREG_UserManual_en_08.pdf#page=159, AREG_UserManual_en_08.pdf#page=165, AREG_UserManual_en_08.pdf#page=467, AREG_UserManual_en_08.pdf#page=469, AREG_UserManual_en_08.pdf#page=580"
:AREGENERATOR:CHANNEL:OPTIMIZATION:MODE,action,extracted,"AREG_UserManual_en_08.pdf#page=161, AREG_UserManual_en_08.pdf#page=467, AREG_UserManual_en_08.pdf#page=469, AREG_UserManual_en_08.pdf#page=580"
:AREGENERATOR:CHANNEL:SYSTEM:ALIGNMENT,action,extracted,"AREG_UserManual_en_08.pdf#page=161, AREG_UserManual_en_08.pdf#page=467, AREG_UserManual_en_08.pdf#page=470, AREG_UserManual_en_08.pdf#page=580"
:AREGENERATOR:DLOGGING,action,extracted,"AREG_UserManual_en_08.pdf#page=110, AREG_UserManual_en_08.pdf#page=461, AREG_UserManual_en_08.pdf#page=462, AREG_UserManual_en_08.pdf#page=580"
:AREGENERATOR:DLOGGING:CLEAR,action,extracted,"AREG_UserManual_en_08.pdf#page=112, AREG_UserManual_en_08.pdf#page=461, AREG_UserManual_en_08.pdf#page=462, AREG_UserManual_en_08.pdf#page=580"
:AREGENERATOR:DLOGGING:DATA,action,extracted,"AREG_UserManual_en_08.pdf#page=112, AREG_UserManual_en_08.pdf#page=461, AREG_UserManual_en_08.pdf#page=580"
:AREGENERATOR:DLOGGING:LEVEL,action,extracted,"AREG_UserManual_en_08.pdf#page=111, AREG_UserManual_en_08.pdf#page=461, AREG_UserManual_en_08.pdf#page=580"
:AREGENERATOR:DLOGGING:NERROR?,query,extracted,"AREG_UserManual_en_08.pdf#page=112, AREG_UserManual_en_08.pdf#page=461, AREG_UserManual_en_08.pdf#page=462, AREG_UserManual_en_08.pdf#page=580"
:AREGENERATOR:DLOGGING:NINFO?,query,extracted,"AREG_UserManual_en_08.pdf#page=112, AREG_UserManual_en_08.pdf#page=461, AREG_UserManual_en_08.pdf#page=462, AREG_UserManual_en_08.pdf#page=580"
:AREGENERATOR:DLOGGING:NWARNING?,query,extracted,"AREG_UserManual_en_08.pdf#page=112, AREG_UserManual_en_08.pdf#page=461, AREG_UserManual_en_08.pdf#page=462, AREG_UserManual_en_08.pdf#page=580"
:AREGENERATOR:DLOGGING:SAVE,action,extracted,"AREG_UserManual_en_08.pdf#page=112, AREG_UserManual_en_08.pdf#page=461, AREG_UserManual_en_08.pdf#page=462, AREG_UserManual_en_08.pdf#page=580"
:AREGENERATOR:EFRONTEND:FE,action,extracted,"AREG_UserManual_en_08.pdf#page=144, AREG_UserManual_en_08.pdf#page=145, AREG_UserManual_en_08.pdf#page=146, AREG_UserManual_en_08.pdf#page=147, AREG_UserManual_en_08.pdf#page=148, AREG_UserManual_en_08.pdf#page=149, AREG_UserManual_en_08.pdf#page=476, AREG_UserManual_en_08.pdf#page=493, AREG_UserManual_en_08.pdf#page=494, AREG_UserManual_en_08.pdf#page=495, AREG_UserManual_en_08.pdf#page=496, AREG_UserManual_en_08.pdf#page=497, AREG_UserManual_en_08.pdf#page=498, AREG_UserManual_en_08.pdf#page=580"
:AREGENERATOR:EXTERNAL:REMOTE:ADD,action,extracted,"AREG_UserManual_en_08.pdf#page=142, AREG_UserManual_en_08.pdf#page=476, AREG_UserManual_en_08.pdf#page=490, AREG_UserManual_en_08.pdf#page=580"
:AREGENERATOR:EXTERNAL:REMOTE:CLEAN,action,extracted,"AREG_UserManual_en_08.pdf#page=143, AREG_UserManual_en_08.pdf#page=476, AREG_UserManual_en_08.pdf#page=492, AREG_UserManual_en_08.pdf#page=580"
:AREGENERATOR:EXTERNAL:REMOTE:DELETE,action,extracted,"AREG_UserManual_en_08.pdf#page=143, AREG_UserManual_en_08.pdf#page=476, AREG_UserManual_en_08.pdf#page=492, AREG_UserManual_en_08.pdf#page=580"
:AREGENERATOR:EXTERNAL:REMOTE:EDIT:ALIAS,action,extracted,"AREG_UserManual_en_08.pdf#page=142, AREG_UserManual_en_08.pdf#page=476, AREG_UserManual_en_08.pdf#page=491, AREG_UserManual_en_08.pdf#page=580"
:AREGENERATOR:EXTERNAL:REMOTE:EDIT:APPLY,action,extracted,"AREG_UserManual_en_08.pdf#page=143, AREG_UserManual_en_08.pdf#page=476, AREG_UserManual_en_08.pdf#page=491, AREG_UserManual_en_08.pdf#page=580"
:AREGENERATOR:EXTERNAL:REMOTE:EDIT:DEVICE,action,extracted,"AREG_UserManual_en_08.pdf#page=143, AREG_UserManual_en_08.pdf#page=476, AREG_UserManual_en_08.pdf#page=491, AREG_UserManual_en_08.pdf#page=580"
:AREGENERATOR:EXTERNAL:REMOTE:EDIT:HOSTNAME,action,extracted,"AREG_UserManual_en_08.pdf#page=142, AREG_UserManual_en_08.pdf#page=476, AREG_UserManual_en_08.pdf#page=491, AREG_UserManual_en_08.pdf#page=580"
:AREGENERATOR:EXTERNAL:REMOTE:EDIT:ISELECT,action,extracted,"AREG_UserManual_en_08.pdf#page=142, AREG_UserManual_en_08.pdf#page=476, AREG_UserManual_en_08.pdf#page=490, AREG_UserManual_en_08.pdf#page=580"
:AREGENERATOR:EXTERNAL:REMOTE:LIST?,query,extracted,"AREG_UserManual_en_08.pdf#page=143, AREG_UserManual_en_08.pdf#page=476, AREG_UserManual_en_08.pdf#page=492, AREG_UserManual_en_08.pdf#page=580"
:AREGENERATOR:EXTERNAL:REMOTE:RENAME,action,extracted,"AREG_UserManual_en_08.pdf#page=143, AREG_UserManual_en_08.pdf#page=476, AREG_UserManual_en_08.pdf#page=492, AREG_UserManual_en_08.pdf#page=580"
:AREGENERATOR:FRONTEND,action,extracted,"AREG_UserManual_en_08.pdf#page=125, AREG_UserManual_en_08.pdf#page=130, AREG_UserManual_en_08.pdf#page=134, AREG_UserManual_en_08.pdf#page=137, AREG_UserManual_en_08.pdf#page=140, AREG_UserManual_en_08.pdf#page=153, AREG_UserManual_en_08.pdf#page=154, AREG_UserManual_en_08.pdf#page=486, AREG_UserManual_en_08.pdf#page=487, AREG_UserManual_en_08.pdf#page=488"
:AREGENERATOR:FRONTEND:ANTENNA:CUSTOM:IMPORT,action,extracted,"AREG_UserManual_en_08.pdf#page=129, AREG_UserManual_en_08.pdf#page=483"
:AREGENERATOR:FRONTEND:ANTENNA:CUSTOM:IMPORT:PREDEFINED,action,extracted,AREG_UserManual_en_08.pdf#page=475
:AREGENERATOR:FRONTEND:ANTENNA:CUSTOM:IMPORT:PREDEFINED:CATALOG?,query,extracted,AREG_UserManual_en_08.pdf#page=580
:AREGENERATOR:FRONTEND:CFE,action,extracted,"AREG_UserManual_en_08.pdf#page=125, AREG_UserManual_en_08.pdf#page=475, AREG_UserManual_en_08.pdf#page=478, AREG_UserManual_en_08.pdf#page=580"
:AREGENERATOR:FRONTEND:FE,action,extracted,"AREG_UserManual_en_08.pdf#page=125, AREG_UserManual_en_08.pdf#page=139, AREG_UserManual_en_08.pdf#page=475, AREG_UserManual_en_08.pdf#page=477, AREG_UserManual_en_08.pdf#page=478, AREG_UserManual_en_08.pdf#page=479, AREG_UserManual_en_08.pdf#page=580"
:AREGENERATOR:FRONTEND:LAST:QAT,action,extracted,"AREG_UserManual_en_08.pdf#page=475, AREG_UserManual_en_08.pdf#page=477, AREG_UserManual_en_08.pdf#page=580"
:AREGENERATOR:FRONTEND:QAT,action,extracted,"AREG_UserManual_en_08.pdf#page=125, AREG_UserManual_en_08.pdf#page=133, AREG_UserManual_en_08.pdf#page=134, AREG_UserManual_en_08.pdf#page=137, AREG_UserManual_en_08.pdf#page=139, AREG_UserManual_en_08.pdf#page=475, AREG_UserManual_en_08.pdf#page=478, AREG_UserManual_en_08.pdf#page=479, AREG_UserManual_en_08.pdf#page=480, AREG_UserManual_en_08.pdf#page=580, AREG_UserManual_en_08.pdf#page=581"
:AREGENERATOR:FRONTEND:TRX,action,extracted,"AREG_UserManual_en_08.pdf#page=127, AREG_UserManual_en_08.pdf#page=128, AREG_UserManual_en_08.pdf#page=129, AREG_UserManual_en_08.pdf#page=130, AREG_UserManual_en_08.pdf#page=131, AREG_UserManual_en_08.pdf#page=132, AREG_UserManual_en_08.pdf#page=133, AREG_UserManual_en_08.pdf#page=134, AREG_UserManual_en_08.pdf#page=140, AREG_UserManual_en_08.pdf#page=475, AREG_UserManual_en_08.pdf#page=476, AREG_UserManual_en_08.pdf#page=477, AREG_UserManual_en_08.pdf#page=481, AREG_UserManual_en_08.pdf#page=482, AREG_UserManual_en_08.pdf#page=483, AREG_UserManual_en_08.pdf#page=484, AREG_UserManual_en_08.pdf#page=485, AREG_UserManual_en_08.pdf#page=486, AREG_UserManual_en_08.pdf#page=487, AREG_UserManual_en_08.pdf#page=488, AREG_UserManual_en_08.pdf#page=489, AREG_UserManual_en_08.pdf#page=490, AREG_UserManual_en_08.pdf#page=492, AREG_UserManual_en_08.pdf#page=493, AREG_UserManual_en_08.pdf#page=581"
:AREGENERATOR:HIL:RATE?,query,extracted,"AREG_UserManual_en_08.pdf#page=507, AREG_UserManual_en_08.pdf#page=581"
:AREGENERATOR:HIL:RECEIVED,action,extracted,"AREG_UserManual_en_08.pdf#page=507, AREG_UserManual_en_08.pdf#page=581"
:AREGENERATOR:LAST:SENSOR?,query,extracted,"AREG_UserManual_en_08.pdf#page=156, AREG_UserManual_en_08.pdf#page=466, AREG_UserManual_en_08.pdf#page=581"
:AREGENERATOR:MAPPING,action,extracted,"AREG_UserManual_en_08.pdf#page=166, AREG_UserManual_en_08.pdf#page=167, AREG_UserManual_en_08.pdf#page=467, AREG_UserManual_en_08.pdf#page=470, AREG_UserManual_en_08.pdf#page=471, AREG_UserManual_en_08.pdf#page=472, AREG_UserManual_en_08.pdf#page=473, AREG_UserManual_en_08.pdf#page=474, AREG_UserManual_en_08.pdf#page=581"
:AREGENERATOR:MARKER:OBJECT:DELAY,action,extracted,"AREG_UserManual_en_08.pdf#page=192, AREG_UserManual_en_08.pdf#page=509, AREG_UserManual_en_08.pdf#page=582"
:AREGENERATOR:MARKER:OBJECT:ONTIME,action,extracted,"AREG_UserManual_en_08.pdf#page=192, AREG_UserManual_en_08.pdf#page=509, AREG_UserManual_en_08.pdf#page=510, AREG_UserManual_en_08.pdf#page=582"
:AREGENERATOR:MARKER:OBJECT:SOURCE,action,extracted,"AREG_UserManual_en_08.pdf#page=193, AREG_UserManual_en_08.pdf#page=509, AREG_UserManual_en_08.pdf#page=510, AREG_UserManual_en_08.pdf#page=582"
:AREGENERATOR:MEASUREMENT:KEEPSETTINGS,action,extracted,"AREG_UserManual_en_08.pdf#page=122, AREG_UserManual_en_08.pdf#page=466, AREG_UserManual_en_08.pdf#page=582"
:AREGENERATOR:OBJECT,action,extracted,"AREG_UserManual_en_08.pdf#page=105, AREG_UserManual_en_08.pdf#page=106, AREG_UserManual_en_08.pdf#page=107, AREG_UserManual_en_08.pdf#page=447, AREG_UserManual_en_08.pdf#page=448, AREG_UserManual_en_08.pdf#page=449, AREG_UserManual_en_08.pdf#page=450, AREG_UserManual_en_08.pdf#page=451, AREG_UserManual_en_08.pdf#page=452, AREG_UserManual_en_08.pdf#page=453, AREG_UserManual_en_08.pdf#page=582"
:AREGENERATOR:OBJECT:ALL,action,extracted,"AREG_UserManual_en_08.pdf#page=105, AREG_UserManual_en_08.pdf#page=447, AREG_UserManual_en_08.pdf#page=448, AREG_UserManual_en_08.pdf#page=582"
:AREGENERATOR:OBJECTS:INVALID:CATALOG?,query,extracted,"AREG_UserManual_en_08.pdf#page=119, AREG_UserManual_en_08.pdf#page=448, AREG_UserManual_en_08.pdf#page=454, AREG_UserManual_en_08.pdf#page=582"
:AREGENERATOR:OBJECTS:INVALID?,query,extracted,"AREG_UserManual_en_08.pdf#page=119, AREG_UserManual_en_08.pdf#page=448, AREG_UserManual_en_08.pdf#page=453, AREG_UserManual_en_08.pdf#page=582"
:AREGENERATOR:OBJECTS:VALID,action,extracted,"AREG_UserManual_en_08.pdf#page=119, AREG_UserManual_en_08.pdf#page=448, AREG_UserManual_en_08.pdf#page=453, AREG_UserManual_en_08.pdf#page=582"
:AREGENERATOR:OBJECTS:VALID:CATALOG?,query,extracted,"AREG_UserManual_en_08.pdf#page=119, AREG_UserManual_en_08.pdf#page=448, AREG_UserManual_en_08.pdf#page=453, AREG_UserManual_en_08.pdf#page=582"
:AREGENERATOR:OMONITORING,action,extracted,"AREG_UserManual_en_08.pdf#page=120, AREG_UserManual_en_08.pdf#page=448, AREG_UserManual_en_08.pdf#page=454, AREG_UserManual_en_08.pdf#page=582"
:AREGENERATOR:OMONITORING:HOSTNAME,action,extracted,"AREG_UserManual_en_08.pdf#page=120, AREG_UserManual_en_08.pdf#page=448, AREG_UserManual_en_08.pdf#page=454, AREG_UserManual_en_08.pdf#page=582"
:AREGENERATOR:OMONITORING:PORT,action,extracted,"AREG_UserManual_en_08.pdf#page=120, AREG_UserManual_en_08.pdf#page=448, AREG_UserManual_en_08.pdf#page=454, AREG_UserManual_en_08.pdf#page=582"
:AREGENERATOR:OSETUP:APPLY,action,extracted,"AREG_UserManual_en_08.pdf#page=189, AREG_UserManual_en_08.pdf#page=504, AREG_UserManual_en_08.pdf#page=582"
:AREGENERATOR:OSETUP:BW,action,extracted,"AREG_UserManual_en_08.pdf#page=196, AREG_UserManual_en_08.pdf#page=504, AREG_UserManual_en_08.pdf#page=505, AREG_UserManual_en_08.pdf#page=582"
:AREGENERATOR:OSETUP:BW:APPLY,action,extracted,"AREG_UserManual_en_08.pdf#page=196, AREG_UserManual_en_08.pdf#page=504, AREG_UserManual_en_08.pdf#page=506, AREG_UserManual_en_08.pdf#page=582"
:AREGENERATOR:OSETUP:CONFIG,action,extracted,"AREG_UserManual_en_08.pdf#page=196, AREG_UserManual_en_08.pdf#page=504, AREG_UserManual_en_08.pdf#page=505, AREG_UserManual_en_08.pdf#page=577"
:AREGENERATOR:OSETUP:HIL:UPD,action,extracted,"AREG_UserManual_en_08.pdf#page=191, AREG_UserManual_en_08.pdf#page=507, AREG_UserManual_en_08.pdf#page=509, AREG_UserManual_en_08.pdf#page=582"
:AREGENERATOR:OSETUP:HOSTNAME,action,extracted,"AREG_UserManual_en_08.pdf#page=188, AREG_UserManual_en_08.pdf#page=507, AREG_UserManual_en_08.pdf#page=508, AREG_UserManual_en_08.pdf#page=582"
:AREGENERATOR:OSETUP:IPADDRESS,action,extracted,"AREG_UserManual_en_08.pdf#page=188, AREG_UserManual_en_08.pdf#page=507, AREG_UserManual_en_08.pdf#page=508, AREG_UserManual_en_08.pdf#page=582"
:AREGENERATOR:OSETUP:MODE,action,extracted,"AREG_UserManual_en_08.pdf#page=188, AREG_UserManual_en_08.pdf#page=504, AREG_UserManual_en_08.pdf#page=506, AREG_UserManual_en_08.pdf#page=510, AREG_UserManual_en_08.pdf#page=582"
:AREGENERATOR:OSETUP:MULTIINSTRUMENT,action,extracted,AREG_UserManual_en_08.pdf#page=511
:AREGENERATOR:OSETUP:MULTIINSTRUMENT:CONNECT,action,extracted,"AREG_UserManual_en_08.pdf#page=195, AREG_UserManual_en_08.pdf#page=510, AREG_UserManual_en_08.pdf#page=511, AREG_UserManual_en_08.pdf#page=582"
:AREGENERATOR:OSETUP:MULTIINSTRUMENT:MODE,action,extracted,"AREG_UserManual_en_08.pdf#page=194, AREG_UserManual_en_08.pdf#page=510, AREG_UserManual_en_08.pdf#page=511, AREG_UserManual_en_08.pdf#page=582"
:AREGENERATOR:OSETUP:MULTIINSTRUMENT:SECONDARY,action,extracted,"AREG_UserManual_en_08.pdf#page=194, AREG_UserManual_en_08.pdf#page=510, AREG_UserManual_en_08.pdf#page=512, AREG_UserManual_en_08.pdf#page=513, AREG_UserManual_en_08.pdf#page=582"
:AREGENERATOR:OSETUP:MULTIINSTRUMENT:SECONDARY:ADD,action,extracted,"AREG_UserManual_en_08.pdf#page=195, AREG_UserManual_en_08.pdf#page=510, AREG_UserManual_en_08.pdf#page=511, AREG_UserManual_en_08.pdf#page=582"
:AREGENERATOR:OSETUP:PORT,action,extracted,"AREG_UserManual_en_08.pdf#page=189, AREG_UserManual_en_08.pdf#page=507, AREG_UserManual_en_08.pdf#page=508, AREG_UserManual_en_08.pdf#page=582"
:AREGENERATOR:OSETUP:PROTOCOL,action,extracted,"AREG_UserManual_en_08.pdf#page=188, AREG_UserManual_en_08.pdf#page=507, AREG_UserManual_en_08.pdf#page=508, AREG_UserManual_en_08.pdf#page=510, AREG_UserManual_en_08.pdf#page=582"
:AREGENERATOR:OSETUP:REFERENCE,action,extracted,"AREG_UserManual_en_08.pdf#page=190, AREG_UserManual_en_08.pdf#page=501, AREG_UserManual_en_08.pdf#page=504, AREG_UserManual_en_08.pdf#page=506, AREG_UserManual_en_08.pdf#page=582"
:AREGENERATOR:OSETUP:SOURCE,action,extracted,"AREG_UserManual_en_08.pdf#page=188, AREG_UserManual_en_08.pdf#page=504, AREG_UserManual_en_08.pdf#page=506, AREG_UserManual_en_08.pdf#page=510, AREG_UserManual_en_08.pdf#page=582"
:AREGENERATOR:OSETUP:SWUNIT,action,extracted,"AREG_UserManual_en_08.pdf#page=189, AREG_UserManual_en_08.pdf#page=471, AREG_UserManual_en_08.pdf#page=474, AREG_UserManual_en_08.pdf#page=504, AREG_UserManual_en_08.pdf#page=505, AREG_UserManual_en_08.pdf#page=582"
:AREGENERATOR:OSETUP:TBASE,action,extracted,"AREG_UserManual_en_08.pdf#page=191, AREG_UserManual_en_08.pdf#page=504, AREG_UserManual_en_08.pdf#page=506, AREG_UserManual_en_08.pdf#page=582"
:AREGENERATOR:RADAR:LSENSITIVITY,action,extracted,"AREG_UserManual_en_08.pdf#page=476, AREG_UserManual_en_08.pdf#page=493, AREG_UserManual_en_08.pdf#page=582"
:AREGENERATOR:RADAR:POWER:INDICATOR?,query,extracted,"AREG_UserManual_en_08.pdf#page=115, AREG_UserManual_en_08.pdf#page=467, AREG_UserManual_en_08.pdf#page=468, AREG_UserManual_en_08.pdf#page=582"
:AREGENERATOR:SCENARIO:FILE,action,extracted,"AREG_UserManual_en_08.pdf#page=108, AREG_UserManual_en_08.pdf#page=457, AREG_UserManual_en_08.pdf#page=458, AREG_UserManual_en_08.pdf#page=582"
:AREGENERATOR:SCENARIO:FILE:CATALOG,action,extracted,"AREG_UserManual_en_08.pdf#page=108, AREG_UserManual_en_08.pdf#page=457, AREG_UserManual_en_08.pdf#page=458, AREG_UserManual_en_08.pdf#page=582"
:AREGENERATOR:SCENARIO:PAUSE,action,extracted,"AREG_UserManual_en_08.pdf#page=109, AREG_UserManual_en_08.pdf#page=457, AREG_UserManual_en_08.pdf#page=458, AREG_UserManual_en_08.pdf#page=582"
:AREGENERATOR:SCENARIO:POSITION:ACTUAL,action,extracted,"AREG_UserManual_en_08.pdf#page=108, AREG_UserManual_en_08.pdf#page=457, AREG_UserManual_en_08.pdf#page=458, AREG_UserManual_en_08.pdf#page=583"
:AREGENERATOR:SCENARIO:POSITION:START,action,extracted,"AREG_UserManual_en_08.pdf#page=108, AREG_UserManual_en_08.pdf#page=457, AREG_UserManual_en_08.pdf#page=458, AREG_UserManual_en_08.pdf#page=583"
:AREGENERATOR:SCENARIO:POSITION:STOP,action,extracted,"AREG_UserManual_en_08.pdf#page=109, AREG_UserManual_en_08.pdf#page=457, AREG_UserManual_en_08.pdf#page=458, AREG_UserManual_en_08.pdf#page=459, AREG_UserManual_en_08.pdf#page=583"
:AREGENERATOR:SCENARIO:PROGRESS,action,extracted,"AREG_UserManual_en_08.pdf#page=108, AREG_UserManual_en_08.pdf#page=457, AREG_UserManual_en_08.pdf#page=459, AREG_UserManual_en_08.pdf#page=583"
:AREGENERATOR:SCENARIO:PROGRESS?,query,extracted,AREG_UserManual_en_08.pdf#page=459
:AREGENERATOR:SCENARIO:REPLAY,action,extracted,"AREG_UserManual_en_08.pdf#page=109, AREG_UserManual_en_08.pdf#page=457, AREG_UserManual_en_08.pdf#page=459, AREG_UserManual_en_08.pdf#page=583"
:AREGENERATOR:SCENARIO:REPLAY:LOOP,action,extracted,AREG_UserManual_en_08.pdf#page=459
:AREGENERATOR:SCENARIO:RESET,action,extracted,"AREG_UserManual_en_08.pdf#page=109, AREG_UserManual_en_08.pdf#page=457, AREG_UserManual_en_08.pdf#page=460, AREG_UserManual_en_08.pdf#page=583"
:AREGENERATOR:SCENARIO:START,action,extracted,"AREG_UserManual_en_08.pdf#page=109, AREG_UserManual_en_08.pdf#page=457, AREG_UserManual_en_08.pdf#page=458, AREG_UserManual_en_08.pdf#page=459, AREG_UserManual_en_08.pdf#page=460, AREG_UserManual_en_08.pdf#page=583"
:AREGENERATOR:SCENARIO:STATUS,action,extracted,"AREG_UserManual_en_08.pdf#page=108, AREG_UserManual_en_08.pdf#page=457, AREG_UserManual_en_08.pdf#page=460, AREG_UserManual_en_08.pdf#page=583"
:AREGENERATOR:SCENARIO:STOP,action,extracted,"AREG_UserManual_en_08.pdf#page=109, AREG_UserManual_en_08.pdf#page=457, AREG_UserManual_en_08.pdf#page=460, AREG_UserManual_en_08.pdf#page=583"
:AREGENERATOR:SENSOR,action,extracted,"AREG_UserManual_en_08.pdf#page=155, AREG_UserManual_en_08.pdf#page=156, AREG_UserManual_en_08.pdf#page=157, AREG_UserManual_en_08.pdf#page=499, AREG_UserManual_en_08.pdf#page=500, AREG_UserManual_en_08.pdf#page=501, AREG_UserManual_en_08.pdf#page=583"
:AREGENERATOR:SWUNIT:CABLECORR:CONNECTOR,action,extracted,"AREG_UserManual_en_08.pdf#page=153, AREG_UserManual_en_08.pdf#page=154, AREG_UserManual_en_08.pdf#page=475, AREG_UserManual_en_08.pdf#page=476, AREG_UserManual_en_08.pdf#page=486, AREG_UserManual_en_08.pdf#page=487, AREG_UserManual_en_08.pdf#page=488, AREG_UserManual_en_08.pdf#page=583"
:AREGENERATOR:SWUNIT:CONNECT,action,extracted,"AREG_UserManual_en_08.pdf#page=168, AREG_UserManual_en_08.pdf#page=498, AREG_UserManual_en_08.pdf#page=583"
:AREGENERATOR:SWUNIT:HOSTNAME,action,extracted,"AREG_UserManual_en_08.pdf#page=168, AREG_UserManual_en_08.pdf#page=498, AREG_UserManual_en_08.pdf#page=583"
:AREGENERATOR:SWUNIT:MAPPING,action,extracted,"AREG_UserManual_en_08.pdf#page=165, AREG_UserManual_en_08.pdf#page=467, AREG_UserManual_en_08.pdf#page=474, AREG_UserManual_en_08.pdf#page=583"
:AREGENERATOR:SWUNIT:RELAYS:CATALOG?,query,extracted,"AREG_UserManual_en_08.pdf#page=162, AREG_UserManual_en_08.pdf#page=467, AREG_UserManual_en_08.pdf#page=471, AREG_UserManual_en_08.pdf#page=583"
:AREGENERATOR:SWUNIT:RX,action,extracted,"AREG_UserManual_en_08.pdf#page=162, AREG_UserManual_en_08.pdf#page=467, AREG_UserManual_en_08.pdf#page=471, AREG_UserManual_en_08.pdf#page=583"
:AREGENERATOR:SWUNIT:STATUS?,query,extracted,"AREG_UserManual_en_08.pdf#page=168, AREG_UserManual_en_08.pdf#page=498, AREG_UserManual_en_08.pdf#page=583"
:AREGENERATOR:SWUNIT:TX,action,extracted,"AREG_UserManual_en_08.pdf#page=162, AREG_UserManual_en_08.pdf#page=467, AREG_UserManual_en_08.pdf#page=471, AREG_UserManual_en_08.pdf#page=583"
:AREGENERATOR:UNITS:ANGLE,action,extracted,"AREG_UserManual_en_08.pdf#page=113, AREG_UserManual_en_08.pdf#page=454, AREG_UserManual_en_08.pdf#page=455, AREG_UserManual_en_08.pdf#page=583"
:AREGENERATOR:UNITS:C,action,extracted,"AREG_UserManual_en_08.pdf#page=114, AREG_UserManual_en_08.pdf#page=455, AREG_UserManual_en_08.pdf#page=457, AREG_UserManual_en_08.pdf#page=583"
:AREGENERATOR:UNITS:DOPPLER,action,extracted,"AREG_UserManual_en_08.pdf#page=114, AREG_UserManual_en_08.pdf#page=450, AREG_UserManual_en_08.pdf#page=451, AREG_UserManual_en_08.pdf#page=454, AREG_UserManual_en_08.pdf#page=456, AREG_UserManual_en_08.pdf#page=583"
:AREGENERATOR:UNITS:KCONSTANT,action,extracted,"AREG_UserManual_en_08.pdf#page=114, AREG_UserManual_en_08.pdf#page=449, AREG_UserManual_en_08.pdf#page=452, AREG_UserManual_en_08.pdf#page=453, AREG_UserManual_en_08.pdf#page=455, AREG_UserManual_en_08.pdf#page=457, AREG_UserManual_en_08.pdf#page=583"
:AREGENERATOR:UNITS:RANGE,action,extracted,"AREG_UserManual_en_08.pdf#page=113, AREG_UserManual_en_08.pdf#page=454, AREG_UserManual_en_08.pdf#page=455, AREG_UserManual_en_08.pdf#page=583"
:AREGENERATOR:UNITS:RCS,action,extracted,"AREG_UserManual_en_08.pdf#page=113, AREG_UserManual_en_08.pdf#page=454, AREG_UserManual_en_08.pdf#page=455, AREG_UserManual_en_08.pdf#page=583"
:AREGENERATOR:UNITS:SHIFT,action,extracted,"AREG_UserManual_en_08.pdf#page=114, AREG_UserManual_en_08.pdf#page=455, AREG_UserManual_en_08.pdf#page=456, AREG_UserManual_en_08.pdf#page=583"
:AREGENERATOR:UNITS:SPEED,action,extracted,"AREG_UserManual_en_08.pdf#page=114, AREG_UserManual_en_08.pdf#page=454, AREG_UserManual_en_08.pdf#page=456, AREG_UserManual_en_08.pdf#page=583"
:ATS,action,extracted,"AREG_UserManual_en_08.pdf#page=137, AREG_UserManual_en_08.pdf#page=475, AREG_UserManual_en_08.pdf#page=581"
:ATTENUATION,action,extracted,"AREG_UserManual_en_08.pdf#page=106, AREG_UserManual_en_08.pdf#page=447, AREG_UserManual_en_08.pdf#page=449, AREG_UserManual_en_08.pdf#page=582"
:AUTO,action,extracted,"AREG_UserManual_en_08.pdf#page=242, AREG_UserManual_en_08.pdf#page=391, AREG_UserManual_en_08.pdf#page=392, AREG_UserManual_en_08.pdf#page=393, AREG_UserManual_en_08.pdf#page=394, AREG_UserManual_en_08.pdf#page=575, AREG_UserManual_en_08.pdf#page=576"
:AUTO:DIRECTORY,action,extracted,"AREG_UserManual_en_08.pdf#page=241, AREG_UserManual_en_08.pdf#page=391, AREG_UserManual_en_08.pdf#page=392, AREG_UserManual_en_08.pdf#page=575"
:AUTO:DIRECTORY:CLEAR,action,extracted,"AREG_UserManual_en_08.pdf#page=241, AREG_UserManual_en_08.pdf#page=391, AREG_UserManual_en_08.pdf#page=392, AREG_UserManual_en_08.pdf#page=575"
:AUTO:FILE?,query,extracted,"AREG_UserManual_en_08.pdf#page=391, AREG_UserManual_en_08.pdf#page=392, AREG_UserManual_en_08.pdf#page=575"
:AUTO:STATE,action,extracted,"AREG_UserManual_en_08.pdf#page=240, AREG_UserManual_en_08.pdf#page=391, AREG_UserManual_en_08.pdf#page=393, AREG_UserManual_en_08.pdf#page=575"
:AUTO?,query,extracted,"AREG_UserManual_en_08.pdf#page=391, AREG_UserManual_en_08.pdf#page=392, AREG_UserManual_en_08.pdf#page=575"
:BB:GRAPHICS:ADD,action,extracted,"AREG_UserManual_en_08.pdf#page=208, AREG_UserManual_en_08.pdf#page=517, AREG_UserManual_en_08.pdf#page=518, AREG_UserManual_en_08.pdf#page=579"
:BB:GRAPHICS:CLOSE,action,extracted,"AREG_UserManual_en_08.pdf#page=208, AREG_UserManual_en_08.pdf#page=517, AREG_UserManual_en_08.pdf#page=518, AREG_UserManual_en_08.pdf#page=579"
:BB:GRAPHICS:FFTFSCALE,action,extracted,"AREG_UserManual_en_08.pdf#page=207, AREG_UserManual_en_08.pdf#page=517, AREG_UserManual_en_08.pdf#page=519, AREG_UserManual_en_08.pdf#page=579"
:BB:GRAPHICS:FFTLEN,action,extracted,"AREG_UserManual_en_08.pdf#page=207, AREG_UserManual_en_08.pdf#page=517, AREG_UserManual_en_08.pdf#page=518, AREG_UserManual_en_08.pdf#page=579"
:BB:GRAPHICS:MODE,action,extracted,"AREG_UserManual_en_08.pdf#page=206, AREG_UserManual_en_08.pdf#page=517, AREG_UserManual_en_08.pdf#page=583"
:BB:GRAPHICS:SOURCE,action,extracted,"AREG_UserManual_en_08.pdf#page=206, AREG_UserManual_en_08.pdf#page=517, AREG_UserManual_en_08.pdf#page=518, AREG_UserManual_en_08.pdf#page=579"
:BB:GRAPHICS:SRATE:MODE,action,extracted,"AREG_UserManual_en_08.pdf#page=207, AREG_UserManual_en_08.pdf#page=517, AREG_UserManual_en_08.pdf#page=583"
:BB:GRAPHICS:SRATE:USER,action,extracted,"AREG_UserManual_en_08.pdf#page=208, AREG_UserManual_en_08.pdf#page=517, AREG_UserManual_en_08.pdf#page=583"
:BB:GRAPHICS:TRIGGER:SOURCE,action,extracted,"AREG_UserManual_en_08.pdf#page=207, AREG_UserManual_en_08.pdf#page=517, AREG_UserManual_en_08.pdf#page=519, AREG_UserManual_en_08.pdf#page=583"
:BGINFO:CATALOG?,query,extracted,"AREG_UserManual_en_08.pdf#page=373, AREG_UserManual_en_08.pdf#page=374, AREG_UserManual_en_08.pdf#page=575"
:BGINFO?,query,extracted,"AREG_UserManual_en_08.pdf#page=373, AREG_UserManual_en_08.pdf#page=547, AREG_UserManual_en_08.pdf#page=575"
:BW,action,extracted,"AREG_UserManual_en_08.pdf#page=130, AREG_UserManual_en_08.pdf#page=134, AREG_UserManual_en_08.pdf#page=140, AREG_UserManual_en_08.pdf#page=157, AREG_UserManual_en_08.pdf#page=475, AREG_UserManual_en_08.pdf#page=485, AREG_UserManual_en_08.pdf#page=499, AREG_UserManual_en_08.pdf#page=581, AREG_UserManual_en_08.pdf#page=583"
:CABLECORR,action,extracted,AREG_UserManual_en_08.pdf#page=581
:CABLECORR:CONNECTOR,action,extracted,"AREG_UserManual_en_08.pdf#page=153, AREG_UserManual_en_08.pdf#page=154, AREG_UserManual_en_08.pdf#page=486, AREG_UserManual_en_08.pdf#page=487, AREG_UserManual_en_08.pdf#page=488"
:CALIBRATION,action,extracted,"AREG_UserManual_en_08.pdf#page=369, AREG_UserManual_en_08.pdf#page=370, AREG_UserManual_en_08.pdf#page=371, AREG_UserManual_en_08.pdf#page=554, AREG_UserManual_en_08.pdf#page=555, AREG_UserManual_en_08.pdf#page=575"
:CALIBRATION:ALL,action,extracted,"AREG_UserManual_en_08.pdf#page=369, AREG_UserManual_en_08.pdf#page=554, AREG_UserManual_en_08.pdf#page=575"
:CALIBRATION:DATA:EXPORT,action,extracted,"AREG_UserManual_en_08.pdf#page=369, AREG_UserManual_en_08.pdf#page=371, AREG_UserManual_en_08.pdf#page=575"
:CALIBRATION:DATA:FACTORY:DATE?,query,extracted,"AREG_UserManual_en_08.pdf#page=369, AREG_UserManual_en_08.pdf#page=371, AREG_UserManual_en_08.pdf#page=547, AREG_UserManual_en_08.pdf#page=575"
:CALIBRATION:DELAY,action,extracted,"AREG_UserManual_en_08.pdf#page=369, AREG_UserManual_en_08.pdf#page=372, AREG_UserManual_en_08.pdf#page=555, AREG_UserManual_en_08.pdf#page=575"
:CALIBRATION:DELAY:MINUTES,action,extracted,"AREG_UserManual_en_08.pdf#page=369, AREG_UserManual_en_08.pdf#page=371, AREG_UserManual_en_08.pdf#page=372, AREG_UserManual_en_08.pdf#page=556, AREG_UserManual_en_08.pdf#page=575"
:CALIBRATION:DELAY:SHUTDOWN,action,extracted,"AREG_UserManual_en_08.pdf#page=369, AREG_UserManual_en_08.pdf#page=372, AREG_UserManual_en_08.pdf#page=556, AREG_UserManual_en_08.pdf#page=575"
:CENTER,action,extracted,"AREG_UserManual_en_08.pdf#page=130, AREG_UserManual_en_08.pdf#page=134, AREG_UserManual_en_08.pdf#page=140, AREG_UserManual_en_08.pdf#page=157, AREG_UserManual_en_08.pdf#page=476, AREG_UserManual_en_08.pdf#page=499, AREG_UserManual_en_08.pdf#page=500, AREG_UserManual_en_08.pdf#page=581, AREG_UserManual_en_08.pdf#page=583"
:CFACTOR,action,extracted,"AREG_UserManual_en_08.pdf#page=157, AREG_UserManual_en_08.pdf#page=499, AREG_UserManual_en_08.pdf#page=500, AREG_UserManual_en_08.pdf#page=583"
:CHANNELS?,query,extracted,"AREG_UserManual_en_08.pdf#page=134, AREG_UserManual_en_08.pdf#page=475, AREG_UserManual_en_08.pdf#page=478, AREG_UserManual_en_08.pdf#page=580"
:COMMON,action,extracted,"AREG_UserManual_en_08.pdf#page=198, AREG_UserManual_en_08.pdf#page=200, AREG_UserManual_en_08.pdf#page=300, AREG_UserManual_en_08.pdf#page=301, AREG_UserManual_en_08.pdf#page=409, AREG_UserManual_en_08.pdf#page=419, AREG_UserManual_en_08.pdf#page=436, AREG_UserManual_en_08.pdf#page=438, AREG_UserManual_en_08.pdf#page=439, AREG_UserManual_en_08.pdf#page=577, AREG_UserManual_en_08.pdf#page=578"
:CONFIG?,query,extracted,"AREG_UserManual_en_08.pdf#page=467, AREG_UserManual_en_08.pdf#page=583"
:CONNECT,action,extracted,"AREG_UserManual_en_08.pdf#page=475, AREG_UserManual_en_08.pdf#page=581"
:CONNECTION,action,extracted,AREG_UserManual_en_08.pdf#page=582
:CONTINUEONERROR,action,extracted,"AREG_UserManual_en_08.pdf#page=369, AREG_UserManual_en_08.pdf#page=371, AREG_UserManual_en_08.pdf#page=555, AREG_UserManual_en_08.pdf#page=575"
:CONTINUOUS,action,extracted,"AREG_UserManual_en_08.pdf#page=179, AREG_UserManual_en_08.pdf#page=521, AREG_UserManual_en_08.pdf#page=525, AREG_UserManual_en_08.pdf#page=576"
:CORRECTION:SPDEVICE:LIST?,query,extracted,"AREG_UserManual_en_08.pdf#page=182, AREG_UserManual_en_08.pdf#page=522, AREG_UserManual_en_08.pdf#page=527, AREG_UserManual_en_08.pdf#page=576"
:CORRECTION:SPDEVICE:SELECT,action,extracted,"AREG_UserManual_en_08.pdf#page=182, AREG_UserManual_en_08.pdf#page=522, AREG_UserManual_en_08.pdf#page=527, AREG_UserManual_en_08.pdf#page=576"
:CORRECTION:SPDEVICE:STATE,action,extracted,"AREG_UserManual_en_08.pdf#page=182, AREG_UserManual_en_08.pdf#page=522, AREG_UserManual_en_08.pdf#page=527, AREG_UserManual_en_08.pdf#page=576"
:COUNT?,query,extracted,"AREG_UserManual_en_08.pdf#page=499, AREG_UserManual_en_08.pdf#page=500, AREG_UserManual_en_08.pdf#page=583"
:CW,action,extracted,"AREG_UserManual_en_08.pdf#page=225, AREG_UserManual_en_08.pdf#page=443, AREG_UserManual_en_08.pdf#page=444, AREG_UserManual_en_08.pdf#page=583"
:DATA,action,extracted,"AREG_UserManual_en_08.pdf#page=388, AREG_UserManual_en_08.pdf#page=575"
:DAY:STATE,action,extracted,"AREG_UserManual_en_08.pdf#page=242, AREG_UserManual_en_08.pdf#page=391, AREG_UserManual_en_08.pdf#page=393, AREG_UserManual_en_08.pdf#page=575"
:DEVICE,action,extracted,"AREG_UserManual_en_08.pdf#page=179, AREG_UserManual_en_08.pdf#page=522, AREG_UserManual_en_08.pdf#page=532, AREG_UserManual_en_08.pdf#page=576"
:DEVICE:PRESET,action,extracted,"AREG_UserManual_en_08.pdf#page=367, AREG_UserManual_en_08.pdf#page=368, AREG_UserManual_en_08.pdf#page=575"
:DIAGNOSTIC,action,extracted,"AREG_UserManual_en_08.pdf#page=373, AREG_UserManual_en_08.pdf#page=375, AREG_UserManual_en_08.pdf#page=547, AREG_UserManual_en_08.pdf#page=575"
:DIAGNOSTIC:INFO:OTIME?,query,extracted,"AREG_UserManual_en_08.pdf#page=373, AREG_UserManual_en_08.pdf#page=374, AREG_UserManual_en_08.pdf#page=547, AREG_UserManual_en_08.pdf#page=575"
:DIAGNOSTIC:INFO:POCOUNT?,query,extracted,"AREG_UserManual_en_08.pdf#page=373, AREG_UserManual_en_08.pdf#page=374, AREG_UserManual_en_08.pdf#page=547, AREG_UserManual_en_08.pdf#page=575"
:DIRECTION,action,extracted,"AREG_UserManual_en_08.pdf#page=250, AREG_UserManual_en_08.pdf#page=443, AREG_UserManual_en_08.pdf#page=579"
:DISPLAY,action,extracted,AREG_UserManual_en_08.pdf#page=387
:DISPLAY:ANNOTATION,action,extracted,"AREG_UserManual_en_08.pdf#page=384, AREG_UserManual_en_08.pdf#page=386, AREG_UserManual_en_08.pdf#page=575"
:DISPLAY:ANNOTATION:AMPLITUDE,action,extracted,"AREG_UserManual_en_08.pdf#page=270, AREG_UserManual_en_08.pdf#page=383, AREG_UserManual_en_08.pdf#page=385, AREG_UserManual_en_08.pdf#page=575"
:DISPLAY:ANNOTATION:FREQUENCY,action,extracted,"AREG_UserManual_en_08.pdf#page=270, AREG_UserManual_en_08.pdf#page=383, AREG_UserManual_en_08.pdf#page=385, AREG_UserManual_en_08.pdf#page=575"
:DISPLAY:BRIGHTNESS,action,extracted,"AREG_UserManual_en_08.pdf#page=246, AREG_UserManual_en_08.pdf#page=383, AREG_UserManual_en_08.pdf#page=384, AREG_UserManual_en_08.pdf#page=575"
:DISPLAY:BUTTON:BRIGHTNESS,action,extracted,"AREG_UserManual_en_08.pdf#page=246, AREG_UserManual_en_08.pdf#page=383, AREG_UserManual_en_08.pdf#page=385, AREG_UserManual_en_08.pdf#page=575"
:DISPLAY:DIALOG:CLOSE,action,extracted,"AREG_UserManual_en_08.pdf#page=384, AREG_UserManual_en_08.pdf#page=386, AREG_UserManual_en_08.pdf#page=387, AREG_UserManual_en_08.pdf#page=575"
:DISPLAY:DIALOG:CLOSE:ALL,action,extracted,"AREG_UserManual_en_08.pdf#page=384, AREG_UserManual_en_08.pdf#page=387, AREG_UserManual_en_08.pdf#page=575"
:DISPLAY:DIALOG:ID?,query,extracted,"AREG_UserManual_en_08.pdf#page=256, AREG_UserManual_en_08.pdf#page=384, AREG_UserManual_en_08.pdf#page=386, AREG_UserManual_en_08.pdf#page=575"
:DISPLAY:DIALOG:OPEN,action,extracted,"AREG_UserManual_en_08.pdf#page=256, AREG_UserManual_en_08.pdf#page=384, AREG_UserManual_en_08.pdf#page=386, AREG_UserManual_en_08.pdf#page=387, AREG_UserManual_en_08.pdf#page=575"
:DISPLAY:PERMANENT:PRIORITY,action,extracted,"AREG_UserManual_en_08.pdf#page=179, AREG_UserManual_en_08.pdf#page=522, AREG_UserManual_en_08.pdf#page=527, AREG_UserManual_en_08.pdf#page=576"
:DISPLAY:PERMANENT:STATE,action,extracted,"AREG_UserManual_en_08.pdf#page=179, AREG_UserManual_en_08.pdf#page=522, AREG_UserManual_en_08.pdf#page=528, AREG_UserManual_en_08.pdf#page=576"
:DISPLAY:PSAVE,action,extracted,"AREG_UserManual_en_08.pdf#page=246, AREG_UserManual_en_08.pdf#page=383, AREG_UserManual_en_08.pdf#page=384, AREG_UserManual_en_08.pdf#page=575"
:DISPLAY:PSAVE:HOLDOFF,action,extracted,"AREG_UserManual_en_08.pdf#page=246, AREG_UserManual_en_08.pdf#page=383, AREG_UserManual_en_08.pdf#page=384, AREG_UserManual_en_08.pdf#page=575"
:DISPLAY:UPDATE,action,extracted,"AREG_UserManual_en_08.pdf#page=247, AREG_UserManual_en_08.pdf#page=383, AREG_UserManual_en_08.pdf#page=385, AREG_UserManual_en_08.pdf#page=575"
:DISTANCE,action,extracted,"AREG_UserManual_en_08.pdf#page=157, AREG_UserManual_en_08.pdf#page=499, AREG_UserManual_en_08.pdf#page=500, AREG_UserManual_en_08.pdf#page=583"
:DNS,action,extracted,"AREG_UserManual_en_08.pdf#page=301, AREG_UserManual_en_08.pdf#page=409, AREG_UserManual_en_08.pdf#page=420, AREG_UserManual_en_08.pdf#page=577"
:DOMAIN,action,extracted,"AREG_UserManual_en_08.pdf#page=301, AREG_UserManual_en_08.pdf#page=409, AREG_UserManual_en_08.pdf#page=419, AREG_UserManual_en_08.pdf#page=577"
:DOPPLER,action,extracted,"AREG_UserManual_en_08.pdf#page=106, AREG_UserManual_en_08.pdf#page=447, AREG_UserManual_en_08.pdf#page=450, AREG_UserManual_en_08.pdf#page=451, AREG_UserManual_en_08.pdf#page=582"
:DOPPLER:FREQUENCY,action,extracted,"AREG_UserManual_en_08.pdf#page=106, AREG_UserManual_en_08.pdf#page=447, AREG_UserManual_en_08.pdf#page=451, AREG_UserManual_en_08.pdf#page=582"
:DYNAMIC:ID,action,extracted,"AREG_UserManual_en_08.pdf#page=157, AREG_UserManual_en_08.pdf#page=499, AREG_UserManual_en_08.pdf#page=501, AREG_UserManual_en_08.pdf#page=583"
:EIRP:PORT,action,extracted,"AREG_UserManual_en_08.pdf#page=132, AREG_UserManual_en_08.pdf#page=476, AREG_UserManual_en_08.pdf#page=493, AREG_UserManual_en_08.pdf#page=581"
:EIRP:SENSOR,action,extracted,"AREG_UserManual_en_08.pdf#page=131, AREG_UserManual_en_08.pdf#page=476, AREG_UserManual_en_08.pdf#page=493, AREG_UserManual_en_08.pdf#page=581"
:EIRP?,query,extracted,"AREG_UserManual_en_08.pdf#page=131, AREG_UserManual_en_08.pdf#page=476, AREG_UserManual_en_08.pdf#page=492, AREG_UserManual_en_08.pdf#page=581"
:EVENT,action,extracted,"AREG_UserManual_en_08.pdf#page=297, AREG_UserManual_en_08.pdf#page=534, AREG_UserManual_en_08.pdf#page=536, AREG_UserManual_en_08.pdf#page=577"
:EXCLUSIVE,action,extracted,"AREG_UserManual_en_08.pdf#page=408, AREG_UserManual_en_08.pdf#page=415, AREG_UserManual_en_08.pdf#page=578"
:EXECUTE,action,extracted,"AREG_UserManual_en_08.pdf#page=240, AREG_UserManual_en_08.pdf#page=390, AREG_UserManual_en_08.pdf#page=391, AREG_UserManual_en_08.pdf#page=576"
:FE,action,extracted,"AREG_UserManual_en_08.pdf#page=166, AREG_UserManual_en_08.pdf#page=467, AREG_UserManual_en_08.pdf#page=473, AREG_UserManual_en_08.pdf#page=581"
:FILE,action,extracted,"AREG_UserManual_en_08.pdf#page=242, AREG_UserManual_en_08.pdf#page=391, AREG_UserManual_en_08.pdf#page=392, AREG_UserManual_en_08.pdf#page=393, AREG_UserManual_en_08.pdf#page=394, AREG_UserManual_en_08.pdf#page=575, AREG_UserManual_en_08.pdf#page=576"
:FILTER,action,extracted,AREG_UserManual_en_08.pdf#page=530
:FILTER:LENGTH,action,extracted,"AREG_UserManual_en_08.pdf#page=181, AREG_UserManual_en_08.pdf#page=522, AREG_UserManual_en_08.pdf#page=528, AREG_UserManual_en_08.pdf#page=576"
:FILTER:LENGTH:AUTO?,query,extracted,"AREG_UserManual_en_08.pdf#page=181, AREG_UserManual_en_08.pdf#page=522, AREG_UserManual_en_08.pdf#page=528, AREG_UserManual_en_08.pdf#page=576"
:FILTER:NSRATIO,action,extracted,"AREG_UserManual_en_08.pdf#page=181, AREG_UserManual_en_08.pdf#page=522, AREG_UserManual_en_08.pdf#page=529, AREG_UserManual_en_08.pdf#page=576"
:FILTER:NSRATIO:MTIME,action,extracted,"AREG_UserManual_en_08.pdf#page=181, AREG_UserManual_en_08.pdf#page=522, AREG_UserManual_en_08.pdf#page=529, AREG_UserManual_en_08.pdf#page=530, AREG_UserManual_en_08.pdf#page=576"
:FILTER:SONCE,action,extracted,"AREG_UserManual_en_08.pdf#page=181, AREG_UserManual_en_08.pdf#page=522, AREG_UserManual_en_08.pdf#page=529, AREG_UserManual_en_08.pdf#page=576"
:FILTER:TYPE,action,extracted,"AREG_UserManual_en_08.pdf#page=181, AREG_UserManual_en_08.pdf#page=522, AREG_UserManual_en_08.pdf#page=529, AREG_UserManual_en_08.pdf#page=530, AREG_UserManual_en_08.pdf#page=576"
:FORM,action,extracted,AREG_UserManual_en_08.pdf#page=389
:FORM:BORD,action,extracted,AREG_UserManual_en_08.pdf#page=388
:FORM:SREG,action,extracted,AREG_UserManual_en_08.pdf#page=388
:FORMAT,action,extracted,"AREG_UserManual_en_08.pdf#page=388, AREG_UserManual_en_08.pdf#page=575"
:FORMAT:BORDER,action,extracted,"AREG_UserManual_en_08.pdf#page=388, AREG_UserManual_en_08.pdf#page=575"
:FORMAT:SREGISTER,action,extracted,"AREG_UserManual_en_08.pdf#page=388, AREG_UserManual_en_08.pdf#page=575"
:FPANEL:KEYBOARD:LAYOUT,action,extracted,"AREG_UserManual_en_08.pdf#page=246, AREG_UserManual_en_08.pdf#page=394, AREG_UserManual_en_08.pdf#page=575"
:FREQ:STAR,action,extracted,Remote_Control_SCPI_GettingStarted_en_04.pdf#page=34
:FREQ:STAR?,query,extracted,Remote_Control_SCPI_GettingStarted_en_04.pdf#page=34
:FREQUENCY,action,extracted,"AREG_UserManual_en_08.pdf#page=180, AREG_UserManual_en_08.pdf#page=225, AREG_UserManual_en_08.pdf#page=443, AREG_UserManual_en_08.pdf#page=444, AREG_UserManual_en_08.pdf#page=522, AREG_UserManual_en_08.pdf#page=530, AREG_UserManual_en_08.pdf#page=576, AREG_UserManual_en_08.pdf#page=583"
:GATEWAY,action,extracted,"AREG_UserManual_en_08.pdf#page=301, AREG_UserManual_en_08.pdf#page=409, AREG_UserManual_en_08.pdf#page=420, AREG_UserManual_en_08.pdf#page=577"
:HCOP:IMM,action,extracted,Remote_Control_SCPI_GettingStarted_en_04.pdf#page=22
:HCOP:ITEM,action,extracted,Remote_Control_SCPI_GettingStarted_en_04.pdf#page=21
:HCOPY,action,extracted,"AREG_UserManual_en_08.pdf#page=240, AREG_UserManual_en_08.pdf#page=390, AREG_UserManual_en_08.pdf#page=391, AREG_UserManual_en_08.pdf#page=576"
:HCOPY:DATA,action,extracted,AREG_UserManual_en_08.pdf#page=390
:HCOPY:DATA?,query,extracted,"AREG_UserManual_en_08.pdf#page=390, AREG_UserManual_en_08.pdf#page=575"
:HCOPY:DEVICE:LANGUAGE,action,extracted,"AREG_UserManual_en_08.pdf#page=240, AREG_UserManual_en_08.pdf#page=389, AREG_UserManual_en_08.pdf#page=390, AREG_UserManual_en_08.pdf#page=575"
:HCOPY:EXECUTE,action,extracted,AREG_UserManual_en_08.pdf#page=390
:HCOPY:FILE,action,extracted,"AREG_UserManual_en_08.pdf#page=239, AREG_UserManual_en_08.pdf#page=240, AREG_UserManual_en_08.pdf#page=241, AREG_UserManual_en_08.pdf#page=242, AREG_UserManual_en_08.pdf#page=390, AREG_UserManual_en_08.pdf#page=391, AREG_UserManual_en_08.pdf#page=392, AREG_UserManual_en_08.pdf#page=393, AREG_UserManual_en_08.pdf#page=394, AREG_UserManual_en_08.pdf#page=575, AREG_UserManual_en_08.pdf#page=576"
:HCOPY:FILE:AUTO:DIR,action,extracted,AREG_UserManual_en_08.pdf#page=389
:HCOPY:FILE:AUTO:FILE?,query,extracted,AREG_UserManual_en_08.pdf#page=390
:HCOPY:FILE:AUTO:NUMBER?,query,extracted,AREG_UserManual_en_08.pdf#page=390
:HCOPY:FILE:AUTO?,query,extracted,AREG_UserManual_en_08.pdf#page=390
:HCOPY:FILE:NAME:AUTO:FILE:MONTH:STATE,action,extracted,AREG_UserManual_en_08.pdf#page=389
:HCOPY:FILE:NAME:AUTO:FILE:PREFIX,action,extracted,AREG_UserManual_en_08.pdf#page=389
:HCOPY:FILE:NAME:AUTO:FILE:PREFIX:STATE,action,extracted,AREG_UserManual_en_08.pdf#page=389
:HCOPY:FILE:NAME:AUTO:FILE:YEAR:STATE,action,extracted,AREG_UserManual_en_08.pdf#page=389
:HCOPY:FILE:NAME:AUTO:STATE,action,extracted,AREG_UserManual_en_08.pdf#page=389
:HCOPY:IMAGE:FORMAT,action,extracted,"AREG_UserManual_en_08.pdf#page=240, AREG_UserManual_en_08.pdf#page=390, AREG_UserManual_en_08.pdf#page=576"
:HCOPY:REGION,action,extracted,"AREG_UserManual_en_08.pdf#page=240, AREG_UserManual_en_08.pdf#page=389, AREG_UserManual_en_08.pdf#page=390, AREG_UserManual_en_08.pdf#page=391, AREG_UserManual_en_08.pdf#page=576"
:HISLIP,action,extracted,AREG_UserManual_en_08.pdf#page=289
:HISLIP0,action,extracted,"AREG_UserManual_en_08.pdf#page=287, AREG_UserManual_en_08.pdf#page=289, AREG_UserManual_en_08.pdf#page=293, AREG_UserManual_en_08.pdf#page=294, AREG_UserManual_en_08.pdf#page=406"
:HOST,action,extracted,AREG_UserManual_en_08.pdf#page=287
:HOSTNAME,action,extracted,"AREG_UserManual_en_08.pdf#page=133, AREG_UserManual_en_08.pdf#page=198, AREG_UserManual_en_08.pdf#page=200, AREG_UserManual_en_08.pdf#page=300, AREG_UserManual_en_08.pdf#page=409, AREG_UserManual_en_08.pdf#page=419, AREG_UserManual_en_08.pdf#page=436, AREG_UserManual_en_08.pdf#page=438, AREG_UserManual_en_08.pdf#page=439, AREG_UserManual_en_08.pdf#page=475, AREG_UserManual_en_08.pdf#page=479, AREG_UserManual_en_08.pdf#page=510, AREG_UserManual_en_08.pdf#page=511, AREG_UserManual_en_08.pdf#page=577, AREG_UserManual_en_08.pdf#page=578, AREG_UserManual_en_08.pdf#page=580, AREG_UserManual_en_08.pdf#page=582"
:ID,action,extracted,"AREG_UserManual_en_08.pdf#page=143, AREG_UserManual_en_08.pdf#page=155, AREG_UserManual_en_08.pdf#page=476, AREG_UserManual_en_08.pdf#page=491, AREG_UserManual_en_08.pdf#page=499, AREG_UserManual_en_08.pdf#page=501, AREG_UserManual_en_08.pdf#page=580, AREG_UserManual_en_08.pdf#page=583"
:IMMEDIATE,action,extracted,"Remote_Control_SCPI_GettingStarted_en_04.pdf#page=15, Remote_Control_SCPI_GettingStarted_en_04.pdf#page=16, Remote_Control_SCPI_GettingStarted_en_04.pdf#page=21"
:INITIATE,action,extracted,"AREG_UserManual_en_08.pdf#page=179, AREG_UserManual_en_08.pdf#page=521, AREG_UserManual_en_08.pdf#page=525, AREG_UserManual_en_08.pdf#page=576"
:INPUT:USER,action,extracted,"AREG_UserManual_en_08.pdf#page=250, AREG_UserManual_en_08.pdf#page=443, AREG_UserManual_en_08.pdf#page=579"
:INST0,action,extracted,"AREG_UserManual_en_08.pdf#page=289, AREG_UserManual_en_08.pdf#page=293, AREG_UserManual_en_08.pdf#page=294, AREG_UserManual_en_08.pdf#page=406"
:INSTR,action,extracted,"AREG_UserManual_en_08.pdf#page=287, AREG_UserManual_en_08.pdf#page=288, AREG_UserManual_en_08.pdf#page=289, AREG_UserManual_en_08.pdf#page=290, AREG_UserManual_en_08.pdf#page=291, AREG_UserManual_en_08.pdf#page=293, AREG_UserManual_en_08.pdf#page=294, AREG_UserManual_en_08.pdf#page=295, AREG_UserManual_en_08.pdf#page=359, AREG_UserManual_en_08.pdf#page=406"
:INTERNAL,action,extracted,"AREG_UserManual_en_08.pdf#page=172, AREG_UserManual_en_08.pdf#page=514, AREG_UserManual_en_08.pdf#page=516, AREG_UserManual_en_08.pdf#page=579"
:IPADDRESS,action,extracted,"AREG_UserManual_en_08.pdf#page=133, AREG_UserManual_en_08.pdf#page=198, AREG_UserManual_en_08.pdf#page=200, AREG_UserManual_en_08.pdf#page=301, AREG_UserManual_en_08.pdf#page=409, AREG_UserManual_en_08.pdf#page=420, AREG_UserManual_en_08.pdf#page=436, AREG_UserManual_en_08.pdf#page=437, AREG_UserManual_en_08.pdf#page=438, AREG_UserManual_en_08.pdf#page=439, AREG_UserManual_en_08.pdf#page=475, AREG_UserManual_en_08.pdf#page=479, AREG_UserManual_en_08.pdf#page=577, AREG_UserManual_en_08.pdf#page=578, AREG_UserManual_en_08.pdf#page=580"
:KBOARD:LAYOUT,action,extracted,"AREG_UserManual_en_08.pdf#page=246, AREG_UserManual_en_08.pdf#page=394, AREG_UserManual_en_08.pdf#page=395, AREG_UserManual_en_08.pdf#page=576"
:LAN,action,extracted,AREG_UserManual_en_08.pdf#page=289
:LIST,action,extracted,"AREG_UserManual_en_08.pdf#page=183, AREG_UserManual_en_08.pdf#page=521, AREG_UserManual_en_08.pdf#page=522, AREG_UserManual_en_08.pdf#page=524, AREG_UserManual_en_08.pdf#page=577"
:LOCALHOST,action,extracted,AREG_UserManual_en_08.pdf#page=359
:LOGGING:STATE,action,extracted,"AREG_UserManual_en_08.pdf#page=182, AREG_UserManual_en_08.pdf#page=522, AREG_UserManual_en_08.pdf#page=531, AREG_UserManual_en_08.pdf#page=576"
:MAPPING,action,extracted,"AREG_UserManual_en_08.pdf#page=183, AREG_UserManual_en_08.pdf#page=521, AREG_UserManual_en_08.pdf#page=524, AREG_UserManual_en_08.pdf#page=577"
:MAXIMIZE,action,extracted,"Remote_Control_SCPI_GettingStarted_en_04.pdf#page=15, Remote_Control_SCPI_GettingStarted_en_04.pdf#page=16"
:MEASURE,action,extracted,"AREG_UserManual_en_08.pdf#page=369, AREG_UserManual_en_08.pdf#page=371, AREG_UserManual_en_08.pdf#page=372, AREG_UserManual_en_08.pdf#page=373, AREG_UserManual_en_08.pdf#page=375, AREG_UserManual_en_08.pdf#page=554, AREG_UserManual_en_08.pdf#page=555, AREG_UserManual_en_08.pdf#page=575"
:MEMORY:HFREE?,query,extracted,"AREG_UserManual_en_08.pdf#page=399, AREG_UserManual_en_08.pdf#page=404, AREG_UserManual_en_08.pdf#page=576"
:MMEMORY,action,extracted,"AREG_UserManual_en_08.pdf#page=366, AREG_UserManual_en_08.pdf#page=401"
:MMEMORY:CATALOG:LENGTH?,query,extracted,"AREG_UserManual_en_08.pdf#page=399, AREG_UserManual_en_08.pdf#page=400, AREG_UserManual_en_08.pdf#page=576"
:MMEMORY:CATALOG?,query,extracted,"AREG_UserManual_en_08.pdf#page=224, AREG_UserManual_en_08.pdf#page=399, AREG_UserManual_en_08.pdf#page=576"
:MMEMORY:CDIRECTORY,action,extracted,"AREG_UserManual_en_08.pdf#page=224, AREG_UserManual_en_08.pdf#page=228, AREG_UserManual_en_08.pdf#page=399, AREG_UserManual_en_08.pdf#page=400, AREG_UserManual_en_08.pdf#page=402, AREG_UserManual_en_08.pdf#page=576"
:MMEMORY:COPY,action,extracted,"AREG_UserManual_en_08.pdf#page=228, AREG_UserManual_en_08.pdf#page=399, AREG_UserManual_en_08.pdf#page=400, AREG_UserManual_en_08.pdf#page=576"
:MMEMORY:DATA,action,extracted,"AREG_UserManual_en_08.pdf#page=399, AREG_UserManual_en_08.pdf#page=401, AREG_UserManual_en_08.pdf#page=576"
:MMEMORY:DATA?,query,extracted,AREG_UserManual_en_08.pdf#page=401
:MMEMORY:DCATALOG:LENGTH?,query,extracted,"AREG_UserManual_en_08.pdf#page=399, AREG_UserManual_en_08.pdf#page=402, AREG_UserManual_en_08.pdf#page=576"
:MMEMORY:DCATALOG?,query,extracted,"AREG_UserManual_en_08.pdf#page=399, AREG_UserManual_en_08.pdf#page=402, AREG_UserManual_en_08.pdf#page=576"
:MMEMORY:DELETE,action,extracted,"AREG_UserManual_en_08.pdf#page=228, AREG_UserManual_en_08.pdf#page=399, AREG_UserManual_en_08.pdf#page=402, AREG_UserManual_en_08.pdf#page=576"
:MMEMORY:LOAD,action,extracted,AREG_UserManual_en_08.pdf#page=397
:MMEMORY:LOAD:STATE,action,extracted,"AREG_UserManual_en_08.pdf#page=225, AREG_UserManual_en_08.pdf#page=399, AREG_UserManual_en_08.pdf#page=402, AREG_UserManual_en_08.pdf#page=576"
:MMEMORY:MDIRECTORY,action,extracted,"AREG_UserManual_en_08.pdf#page=228, AREG_UserManual_en_08.pdf#page=399, AREG_UserManual_en_08.pdf#page=403, AREG_UserManual_en_08.pdf#page=576"
:MMEMORY:MOVE,action,extracted,"AREG_UserManual_en_08.pdf#page=228, AREG_UserManual_en_08.pdf#page=399, AREG_UserManual_en_08.pdf#page=403, AREG_UserManual_en_08.pdf#page=576"
:MMEMORY:MSIS,action,extracted,"AREG_UserManual_en_08.pdf#page=399, AREG_UserManual_en_08.pdf#page=403, AREG_UserManual_en_08.pdf#page=576"
:MMEMORY:RDIRECTORY,action,extracted,"AREG_UserManual_en_08.pdf#page=399, AREG_UserManual_en_08.pdf#page=403, AREG_UserManual_en_08.pdf#page=576"
:MMEMORY:RDIRECTORY:RECURSIVE,action,extracted,"AREG_UserManual_en_08.pdf#page=399, AREG_UserManual_en_08.pdf#page=404, AREG_UserManual_en_08.pdf#page=576"
:MMEMORY:STORE:STATE,action,extracted,"AREG_UserManual_en_08.pdf#page=224, AREG_UserManual_en_08.pdf#page=397, AREG_UserManual_en_08.pdf#page=399, AREG_UserManual_en_08.pdf#page=404, AREG_UserManual_en_08.pdf#page=576"
:MODE,action,extracted,"AREG_UserManual_en_08.pdf#page=109, AREG_UserManual_en_08.pdf#page=134, AREG_UserManual_en_08.pdf#page=457, AREG_UserManual_en_08.pdf#page=459, AREG_UserManual_en_08.pdf#page=475, AREG_UserManual_en_08.pdf#page=480, AREG_UserManual_en_08.pdf#page=481, AREG_UserManual_en_08.pdf#page=580, AREG_UserManual_en_08.pdf#page=581, AREG_UserManual_en_08.pdf#page=583"
:MONTH:STATE,action,extracted,"AREG_UserManual_en_08.pdf#page=242, AREG_UserManual_en_08.pdf#page=391, AREG_UserManual_en_08.pdf#page=393, AREG_UserManual_en_08.pdf#page=575"
:NAME,action,extracted,"AREG_UserManual_en_08.pdf#page=239, AREG_UserManual_en_08.pdf#page=240, AREG_UserManual_en_08.pdf#page=241, AREG_UserManual_en_08.pdf#page=242, AREG_UserManual_en_08.pdf#page=390, AREG_UserManual_en_08.pdf#page=391, AREG_UserManual_en_08.pdf#page=392, AREG_UserManual_en_08.pdf#page=393, AREG_UserManual_en_08.pdf#page=394, AREG_UserManual_en_08.pdf#page=575, AREG_UserManual_en_08.pdf#page=576"
:NAME?,query,extracted,"AREG_UserManual_en_08.pdf#page=131, AREG_UserManual_en_08.pdf#page=476, AREG_UserManual_en_08.pdf#page=489, AREG_UserManual_en_08.pdf#page=581"
:NEXT,action,extracted,"AREG_UserManual_en_08.pdf#page=408, AREG_UserManual_en_08.pdf#page=411, AREG_UserManual_en_08.pdf#page=412, AREG_UserManual_en_08.pdf#page=534, AREG_UserManual_en_08.pdf#page=537, AREG_UserManual_en_08.pdf#page=539, AREG_UserManual_en_08.pdf#page=542, AREG_UserManual_en_08.pdf#page=577, AREG_UserManual_en_08.pdf#page=578, Remote_Control_SCPI_GettingStarted_en_04.pdf#page=32"
:NUMBER?,query,extracted,"AREG_UserManual_en_08.pdf#page=242, AREG_UserManual_en_08.pdf#page=392, AREG_UserManual_en_08.pdf#page=393, AREG_UserManual_en_08.pdf#page=575"
:OFFSET,action,extracted,"AREG_UserManual_en_08.pdf#page=180, AREG_UserManual_en_08.pdf#page=522, AREG_UserManual_en_08.pdf#page=531, AREG_UserManual_en_08.pdf#page=576"
:OFFSET:STATE,action,extracted,"AREG_UserManual_en_08.pdf#page=180, AREG_UserManual_en_08.pdf#page=522, AREG_UserManual_en_08.pdf#page=531, AREG_UserManual_en_08.pdf#page=576"
:OR,action,extracted,"AREG_UserManual_en_08.pdf#page=137, AREG_UserManual_en_08.pdf#page=475, AREG_UserManual_en_08.pdf#page=479, AREG_UserManual_en_08.pdf#page=580"
:OTA:OFFSET,action,extracted,"AREG_UserManual_en_08.pdf#page=127, AREG_UserManual_en_08.pdf#page=133, AREG_UserManual_en_08.pdf#page=475, AREG_UserManual_en_08.pdf#page=476, AREG_UserManual_en_08.pdf#page=581"
:OUTPUT1:STATE,action,extracted,AREG_UserManual_en_08.pdf#page=430
:OUTPUT:USER,action,extracted,"AREG_UserManual_en_08.pdf#page=250, AREG_UserManual_en_08.pdf#page=443, AREG_UserManual_en_08.pdf#page=576"
:POINT:CATALOG?,query,extracted,"AREG_UserManual_en_08.pdf#page=373, AREG_UserManual_en_08.pdf#page=375, AREG_UserManual_en_08.pdf#page=575"
:POINT?,query,extracted,"AREG_UserManual_en_08.pdf#page=373, AREG_UserManual_en_08.pdf#page=375, AREG_UserManual_en_08.pdf#page=575"
:POWER,action,extracted,"AREG_UserManual_en_08.pdf#page=175, AREG_UserManual_en_08.pdf#page=179, AREG_UserManual_en_08.pdf#page=180, AREG_UserManual_en_08.pdf#page=181, AREG_UserManual_en_08.pdf#page=182, AREG_UserManual_en_08.pdf#page=519, AREG_UserManual_en_08.pdf#page=521, AREG_UserManual_en_08.pdf#page=522, AREG_UserManual_en_08.pdf#page=525, AREG_UserManual_en_08.pdf#page=526, AREG_UserManual_en_08.pdf#page=527, AREG_UserManual_en_08.pdf#page=528, AREG_UserManual_en_08.pdf#page=529, AREG_UserManual_en_08.pdf#page=530, AREG_UserManual_en_08.pdf#page=531, AREG_UserManual_en_08.pdf#page=532, AREG_UserManual_en_08.pdf#page=533, AREG_UserManual_en_08.pdf#page=576"
:PREFIX,action,extracted,"AREG_UserManual_en_08.pdf#page=242, AREG_UserManual_en_08.pdf#page=392, AREG_UserManual_en_08.pdf#page=394, AREG_UserManual_en_08.pdf#page=575"
:PREFIX:STATE,action,extracted,"AREG_UserManual_en_08.pdf#page=242, AREG_UserManual_en_08.pdf#page=392, AREG_UserManual_en_08.pdf#page=394, AREG_UserManual_en_08.pdf#page=575"
:PRESET,action,extracted,"AREG_UserManual_en_08.pdf#page=367, AREG_UserManual_en_08.pdf#page=368, AREG_UserManual_en_08.pdf#page=577"
:RANGE,action,extracted,"AREG_UserManual_en_08.pdf#page=106, AREG_UserManual_en_08.pdf#page=448, AREG_UserManual_en_08.pdf#page=452, AREG_UserManual_en_08.pdf#page=582"
:RCL,action,extracted,"AREG_UserManual_en_08.pdf#page=225, AREG_UserManual_en_08.pdf#page=443, AREG_UserManual_en_08.pdf#page=444, AREG_UserManual_en_08.pdf#page=583"
:RCS,action,extracted,"AREG_UserManual_en_08.pdf#page=107, AREG_UserManual_en_08.pdf#page=448, AREG_UserManual_en_08.pdf#page=452, AREG_UserManual_en_08.pdf#page=453, AREG_UserManual_en_08.pdf#page=582"
:READ,action,extracted,"AREG_UserManual_en_08.pdf#page=179, AREG_UserManual_en_08.pdf#page=519, AREG_UserManual_en_08.pdf#page=522, AREG_UserManual_en_08.pdf#page=525, AREG_UserManual_en_08.pdf#page=576"
:READ1?,query,extracted,AREG_UserManual_en_08.pdf#page=525
:READ2?,query,extracted,AREG_UserManual_en_08.pdf#page=526
:REMOVE,action,extracted,"AREG_UserManual_en_08.pdf#page=510, AREG_UserManual_en_08.pdf#page=582"
:RESOLUTION,action,extracted,"Remote_Control_SCPI_GettingStarted_en_04.pdf#page=15, Remote_Control_SCPI_GettingStarted_en_04.pdf#page=21"
:RMV,action,extracted,"AREG_UserManual_en_08.pdf#page=125, AREG_UserManual_en_08.pdf#page=156, AREG_UserManual_en_08.pdf#page=475, AREG_UserManual_en_08.pdf#page=480, AREG_UserManual_en_08.pdf#page=499, AREG_UserManual_en_08.pdf#page=501, AREG_UserManual_en_08.pdf#page=581, AREG_UserManual_en_08.pdf#page=583"
:ROSCILLATOR,action,extracted,"AREG_UserManual_en_08.pdf#page=172, AREG_UserManual_en_08.pdf#page=514, AREG_UserManual_en_08.pdf#page=516, AREG_UserManual_en_08.pdf#page=579"
:ROSCILLATOR:EXTERNAL:FREQUENCY,action,extracted,"AREG_UserManual_en_08.pdf#page=170, AREG_UserManual_en_08.pdf#page=514, AREG_UserManual_en_08.pdf#page=515, AREG_UserManual_en_08.pdf#page=579"
:ROSCILLATOR:EXTERNAL:RFOFF,action,extracted,"AREG_UserManual_en_08.pdf#page=170, AREG_UserManual_en_08.pdf#page=514, AREG_UserManual_en_08.pdf#page=515, AREG_UserManual_en_08.pdf#page=579"
:ROSCILLATOR:EXTERNAL:SBANDWIDTH,action,extracted,"AREG_UserManual_en_08.pdf#page=171, AREG_UserManual_en_08.pdf#page=514, AREG_UserManual_en_08.pdf#page=515, AREG_UserManual_en_08.pdf#page=579"
:ROSCILLATOR:OUTPUT:FREQUENCY:MODE,action,extracted,"AREG_UserManual_en_08.pdf#page=171, AREG_UserManual_en_08.pdf#page=514, AREG_UserManual_en_08.pdf#page=516, AREG_UserManual_en_08.pdf#page=579"
:ROSCILLATOR:PRESET,action,extracted,"AREG_UserManual_en_08.pdf#page=170, AREG_UserManual_en_08.pdf#page=514, AREG_UserManual_en_08.pdf#page=579"
:ROSCILLATOR:SOURCE,action,extracted,"AREG_UserManual_en_08.pdf#page=170, AREG_UserManual_en_08.pdf#page=514, AREG_UserManual_en_08.pdf#page=579"
:RTS,action,extracted,"AREG_UserManual_en_08.pdf#page=137, AREG_UserManual_en_08.pdf#page=476, AREG_UserManual_en_08.pdf#page=581"
:RX,action,extracted,"AREG_UserManual_en_08.pdf#page=139, AREG_UserManual_en_08.pdf#page=144, AREG_UserManual_en_08.pdf#page=145, AREG_UserManual_en_08.pdf#page=146, AREG_UserManual_en_08.pdf#page=147, AREG_UserManual_en_08.pdf#page=148, AREG_UserManual_en_08.pdf#page=149, AREG_UserManual_en_08.pdf#page=153, AREG_UserManual_en_08.pdf#page=154, AREG_UserManual_en_08.pdf#page=475, AREG_UserManual_en_08.pdf#page=476, AREG_UserManual_en_08.pdf#page=477, AREG_UserManual_en_08.pdf#page=479, AREG_UserManual_en_08.pdf#page=485, AREG_UserManual_en_08.pdf#page=486, AREG_UserManual_en_08.pdf#page=487, AREG_UserManual_en_08.pdf#page=488, AREG_UserManual_en_08.pdf#page=493, AREG_UserManual_en_08.pdf#page=494, AREG_UserManual_en_08.pdf#page=495, AREG_UserManual_en_08.pdf#page=496, AREG_UserManual_en_08.pdf#page=497, AREG_UserManual_en_08.pdf#page=498, AREG_UserManual_en_08.pdf#page=580, AREG_UserManual_en_08.pdf#page=581, AREG_UserManual_en_08.pdf#page=583"
:SELF,action,extracted,"AREG_UserManual_en_08.pdf#page=304, AREG_UserManual_en_08.pdf#page=408, AREG_UserManual_en_08.pdf#page=417, AREG_UserManual_en_08.pdf#page=577"
:SENS1:DISP:PERM:PRI,action,extracted,AREG_UserManual_en_08.pdf#page=527
:SENS1:DISP:PERM:STAT,action,extracted,AREG_UserManual_en_08.pdf#page=527
:SENS1:FILT:LENG,action,extracted,AREG_UserManual_en_08.pdf#page=529
:SENS1:FILT:LENG:AUTO?,query,extracted,AREG_UserManual_en_08.pdf#page=528
:SENS1:FILT:LENG?,query,extracted,AREG_UserManual_en_08.pdf#page=530
:SENS1:FILT:SONC,action,extracted,AREG_UserManual_en_08.pdf#page=530
:SENS1:FILT:TYPE,action,extracted,"AREG_UserManual_en_08.pdf#page=528, AREG_UserManual_en_08.pdf#page=529"
:SENS1:FREQ,action,extracted,AREG_UserManual_en_08.pdf#page=531
:SENS1:POW:DISP:PERM:STAT,action,extracted,AREG_UserManual_en_08.pdf#page=528
:SENS1:POW:FILT:LENG:USER?,query,extracted,AREG_UserManual_en_08.pdf#page=529
:SENS1:POW:OFFS,action,extracted,"AREG_UserManual_en_08.pdf#page=531, AREG_UserManual_en_08.pdf#page=532"
:SENS1:POW:OFFS:STAT,action,extracted,AREG_UserManual_en_08.pdf#page=532
:SENS1:SNUM?,query,extracted,AREG_UserManual_en_08.pdf#page=532
:SENS1:SOUR,action,extracted,AREG_UserManual_en_08.pdf#page=531
:SENS1:STAT?,query,extracted,AREG_UserManual_en_08.pdf#page=532
:SENS1:TYPE?,query,extracted,AREG_UserManual_en_08.pdf#page=533
:SENS1:UNIT,action,extracted,AREG_UserManual_en_08.pdf#page=525
:SENS1:ZERO,action,extracted,AREG_UserManual_en_08.pdf#page=533
:SENS2:UNIT,action,extracted,AREG_UserManual_en_08.pdf#page=526
:SENS:LOGG:STAT,action,extracted,AREG_UserManual_en_08.pdf#page=531
:SENSE,action,extracted,"AREG_UserManual_en_08.pdf#page=175, AREG_UserManual_en_08.pdf#page=179, AREG_UserManual_en_08.pdf#page=180, AREG_UserManual_en_08.pdf#page=181, AREG_UserManual_en_08.pdf#page=182, AREG_UserManual_en_08.pdf#page=522, AREG_UserManual_en_08.pdf#page=526, AREG_UserManual_en_08.pdf#page=527, AREG_UserManual_en_08.pdf#page=528, AREG_UserManual_en_08.pdf#page=529, AREG_UserManual_en_08.pdf#page=530, AREG_UserManual_en_08.pdf#page=531, AREG_UserManual_en_08.pdf#page=532, AREG_UserManual_en_08.pdf#page=533, AREG_UserManual_en_08.pdf#page=576"
:SENSE1:POWER:CORRECTION:SPDEVICE:STATE,action,extracted,AREG_UserManual_en_08.pdf#page=527
:SENSOR,action,extracted,"AREG_UserManual_en_08.pdf#page=166, AREG_UserManual_en_08.pdf#page=467, AREG_UserManual_en_08.pdf#page=474, AREG_UserManual_en_08.pdf#page=581"
:SENSORDATA,action,extracted,"AREG_UserManual_en_08.pdf#page=157, AREG_UserManual_en_08.pdf#page=501"
:SENSORDATASERIES,action,extracted,AREG_UserManual_en_08.pdf#page=119
:SIGNAL,action,extracted,"AREG_UserManual_en_08.pdf#page=250, AREG_UserManual_en_08.pdf#page=443, AREG_UserManual_en_08.pdf#page=576"
:SLIST,action,extracted,"AREG_UserManual_en_08.pdf#page=183, AREG_UserManual_en_08.pdf#page=520, AREG_UserManual_en_08.pdf#page=521, AREG_UserManual_en_08.pdf#page=522, AREG_UserManual_en_08.pdf#page=524, AREG_UserManual_en_08.pdf#page=577"
:SLIST:CLEAR,action,extracted,"AREG_UserManual_en_08.pdf#page=184, AREG_UserManual_en_08.pdf#page=521, AREG_UserManual_en_08.pdf#page=524, AREG_UserManual_en_08.pdf#page=576"
:SLIST:CLEAR:LAN,action,extracted,"AREG_UserManual_en_08.pdf#page=184, AREG_UserManual_en_08.pdf#page=521, AREG_UserManual_en_08.pdf#page=523, AREG_UserManual_en_08.pdf#page=576"
:SLIST:CLEAR:USB,action,extracted,"AREG_UserManual_en_08.pdf#page=184, AREG_UserManual_en_08.pdf#page=521, AREG_UserManual_en_08.pdf#page=523, AREG_UserManual_en_08.pdf#page=576"
:SLIST:ELEMENT,action,extracted,"AREG_UserManual_en_08.pdf#page=183, AREG_UserManual_en_08.pdf#page=521, AREG_UserManual_en_08.pdf#page=524, AREG_UserManual_en_08.pdf#page=577"
:SLIST:SCAN,action,extracted,"AREG_UserManual_en_08.pdf#page=184, AREG_UserManual_en_08.pdf#page=521, AREG_UserManual_en_08.pdf#page=522, AREG_UserManual_en_08.pdf#page=524, AREG_UserManual_en_08.pdf#page=577"
:SLIST:SCAN:LSENSOR,action,extracted,"AREG_UserManual_en_08.pdf#page=184, AREG_UserManual_en_08.pdf#page=521, AREG_UserManual_en_08.pdf#page=523, AREG_UserManual_en_08.pdf#page=577"
:SLIST:SCAN:USENSOR,action,extracted,"AREG_UserManual_en_08.pdf#page=185, AREG_UserManual_en_08.pdf#page=521, AREG_UserManual_en_08.pdf#page=523, AREG_UserManual_en_08.pdf#page=577"
:SLIST:SENSOR:MAP,action,extracted,"AREG_UserManual_en_08.pdf#page=183, AREG_UserManual_en_08.pdf#page=521, AREG_UserManual_en_08.pdf#page=524, AREG_UserManual_en_08.pdf#page=577"
:SNUMBER,action,extracted,"AREG_UserManual_en_08.pdf#page=130, AREG_UserManual_en_08.pdf#page=476, AREG_UserManual_en_08.pdf#page=489, AREG_UserManual_en_08.pdf#page=581"
:SNUMBER?,query,extracted,"AREG_UserManual_en_08.pdf#page=179, AREG_UserManual_en_08.pdf#page=522, AREG_UserManual_en_08.pdf#page=532, AREG_UserManual_en_08.pdf#page=576"
:SOCKET,action,extracted,"AREG_UserManual_en_08.pdf#page=287, AREG_UserManual_en_08.pdf#page=289, AREG_UserManual_en_08.pdf#page=290, AREG_UserManual_en_08.pdf#page=293, AREG_UserManual_en_08.pdf#page=294, AREG_UserManual_en_08.pdf#page=295, AREG_UserManual_en_08.pdf#page=406"
:SOURCE,action,extracted,"AREG_UserManual_en_08.pdf#page=105, AREG_UserManual_en_08.pdf#page=106, AREG_UserManual_en_08.pdf#page=107, AREG_UserManual_en_08.pdf#page=108, AREG_UserManual_en_08.pdf#page=109, AREG_UserManual_en_08.pdf#page=110, AREG_UserManual_en_08.pdf#page=111, AREG_UserManual_en_08.pdf#page=112, AREG_UserManual_en_08.pdf#page=113, AREG_UserManual_en_08.pdf#page=114, AREG_UserManual_en_08.pdf#page=115, AREG_UserManual_en_08.pdf#page=116, AREG_UserManual_en_08.pdf#page=119, AREG_UserManual_en_08.pdf#page=120, AREG_UserManual_en_08.pdf#page=122, AREG_UserManual_en_08.pdf#page=125, AREG_UserManual_en_08.pdf#page=127, AREG_UserManual_en_08.pdf#page=128, AREG_UserManual_en_08.pdf#page=129, AREG_UserManual_en_08.pdf#page=130, AREG_UserManual_en_08.pdf#page=131, AREG_UserManual_en_08.pdf#page=132, AREG_UserManual_en_08.pdf#page=133, AREG_UserManual_en_08.pdf#page=134, AREG_UserManual_en_08.pdf#page=137, AREG_UserManual_en_08.pdf#page=139, AREG_UserManual_en_08.pdf#page=140, AREG_UserManual_en_08.pdf#page=142, AREG_UserManual_en_08.pdf#page=143, AREG_UserManual_en_08.pdf#page=144, AREG_UserManual_en_08.pdf#page=145, AREG_UserManual_en_08.pdf#page=146, AREG_UserManual_en_08.pdf#page=147, AREG_UserManual_en_08.pdf#page=148, AREG_UserManual_en_08.pdf#page=149, AREG_UserManual_en_08.pdf#page=153, AREG_UserManual_en_08.pdf#page=154, AREG_UserManual_en_08.pdf#page=155, AREG_UserManual_en_08.pdf#page=156, AREG_UserManual_en_08.pdf#page=157, AREG_UserManual_en_08.pdf#page=159, AREG_UserManual_en_08.pdf#page=161, AREG_UserManual_en_08.pdf#page=162, AREG_UserManual_en_08.pdf#page=165, AREG_UserManual_en_08.pdf#page=166, AREG_UserManual_en_08.pdf#page=167, AREG_UserManual_en_08.pdf#page=168, AREG_UserManual_en_08.pdf#page=170, AREG_UserManual_en_08.pdf#page=171, AREG_UserManual_en_08.pdf#page=172, AREG_UserManual_en_08.pdf#page=180, AREG_UserManual_en_08.pdf#page=188, AREG_UserManual_en_08.pdf#page=189, AREG_UserManual_en_08.pdf#page=190, AREG_UserManual_en_08.pdf#page=191, AREG_UserManual_en_08.pdf#page=192, AREG_UserManual_en_08.pdf#page=193, AREG_UserManual_en_08.pdf#page=194, AREG_UserManual_en_08.pdf#page=195, AREG_UserManual_en_08.pdf#page=196, AREG_UserManual_en_08.pdf#page=206, AREG_UserManual_en_08.pdf#page=207, AREG_UserManual_en_08.pdf#page=208, AREG_UserManual_en_08.pdf#page=225, AREG_UserManual_en_08.pdf#page=250, AREG_UserManual_en_08.pdf#page=368, AREG_UserManual_en_08.pdf#page=443, AREG_UserManual_en_08.pdf#page=444, AREG_UserManual_en_08.pdf#page=447, AREG_UserManual_en_08.pdf#page=448, AREG_UserManual_en_08.pdf#page=449, AREG_UserManual_en_08.pdf#page=450, AREG_UserManual_en_08.pdf#page=451, AREG_UserManual_en_08.pdf#page=452, AREG_UserManual_en_08.pdf#page=453, AREG_UserManual_en_08.pdf#page=454, AREG_UserManual_en_08.pdf#page=455, AREG_UserManual_en_08.pdf#page=456, AREG_UserManual_en_08.pdf#page=457, AREG_UserManual_en_08.pdf#page=458, AREG_UserManual_en_08.pdf#page=459, AREG_UserManual_en_08.pdf#page=460, AREG_UserManual_en_08.pdf#page=461, AREG_UserManual_en_08.pdf#page=462, AREG_UserManual_en_08.pdf#page=466, AREG_UserManual_en_08.pdf#page=467, AREG_UserManual_en_08.pdf#page=468, AREG_UserManual_en_08.pdf#page=469, AREG_UserManual_en_08.pdf#page=470, AREG_UserManual_en_08.pdf#page=471, AREG_UserManual_en_08.pdf#page=472, AREG_UserManual_en_08.pdf#page=473, AREG_UserManual_en_08.pdf#page=474, AREG_UserManual_en_08.pdf#page=475, AREG_UserManual_en_08.pdf#page=476, AREG_UserManual_en_08.pdf#page=477, AREG_UserManual_en_08.pdf#page=478, AREG_UserManual_en_08.pdf#page=479, AREG_UserManual_en_08.pdf#page=480, AREG_UserManual_en_08.pdf#page=481, AREG_UserManual_en_08.pdf#page=482, AREG_UserManual_en_08.pdf#page=483, AREG_UserManual_en_08.pdf#page=484, AREG_UserManual_en_08.pdf#page=485, AREG_UserManual_en_08.pdf#page=486, AREG_UserManual_en_08.pdf#page=487, AREG_UserManual_en_08.pdf#page=488, AREG_UserManual_en_08.pdf#page=489, AREG_UserManual_en_08.pdf#page=490, AREG_UserManual_en_08.pdf#page=491, AREG_UserManual_en_08.pdf#page=492, AREG_UserManual_en_08.pdf#page=493, AREG_UserManual_en_08.pdf#page=494, AREG_UserManual_en_08.pdf#page=495, AREG_UserManual_en_08.pdf#page=496, AREG_UserManual_en_08.pdf#page=497, AREG_UserManual_en_08.pdf#page=498, AREG_UserManual_en_08.pdf#page=499, AREG_UserManual_en_08.pdf#page=500, AREG_UserManual_en_08.pdf#page=501, AREG_UserManual_en_08.pdf#page=504, AREG_UserManual_en_08.pdf#page=505, AREG_UserManual_en_08.pdf#page=506, AREG_UserManual_en_08.pdf#page=507, AREG_UserManual_en_08.pdf#page=508, AREG_UserManual_en_08.pdf#page=509, AREG_UserManual_en_08.pdf#page=510, AREG_UserManual_en_08.pdf#page=511, AREG_UserManual_en_08.pdf#page=512, AREG_UserManual_en_08.pdf#page=513, AREG_UserManual_en_08.pdf#page=514, AREG_UserManual_en_08.pdf#page=515, AREG_UserManual_en_08.pdf#page=516, AREG_UserManual_en_08.pdf#page=517, AREG_UserManual_en_08.pdf#page=518, AREG_UserManual_en_08.pdf#page=519, AREG_UserManual_en_08.pdf#page=522, AREG_UserManual_en_08.pdf#page=530, AREG_UserManual_en_08.pdf#page=532, AREG_UserManual_en_08.pdf#page=576, AREG_UserManual_en_08.pdf#page=577, AREG_UserManual_en_08.pdf#page=579, AREG_UserManual_en_08.pdf#page=580, AREG_UserManual_en_08.pdf#page=581, AREG_UserManual_en_08.pdf#page=582, AREG_UserManual_en_08.pdf#page=583"
:SOURCE1:AM1:STATE,action,extracted,AREG_UserManual_en_08.pdf#page=430
:SOURCE1:AREGENERATOR:FRONTEND:ANTENNA:CUSTOM,action,extracted,AREG_UserManual_en_08.pdf#page=483
:SOURCE1:AREGENERATOR:FRONTEND:TRX1:ANTENNA,action,extracted,"AREG_UserManual_en_08.pdf#page=482, AREG_UserManual_en_08.pdf#page=483, AREG_UserManual_en_08.pdf#page=484"
:SOURCE1:AREGENERATOR:SWUNIT:MAPPING1:CONFIG?,query,extracted,AREG_UserManual_en_08.pdf#page=474
:SOURCE1:AREGENERATOR:SWUNIT:RX,action,extracted,AREG_UserManual_en_08.pdf#page=471
:SOURCE1:AREGENERATOR:SWUNIT:TX,action,extracted,AREG_UserManual_en_08.pdf#page=471
:SOURCE1:FREQUENCY:CW,action,extracted,AREG_UserManual_en_08.pdf#page=430
:SOURCE1:FREQUENCY:OFFSET,action,extracted,AREG_UserManual_en_08.pdf#page=430
:SOURCE:AREGENERATOR:UNITS:RANGE,action,extracted,AREG_UserManual_en_08.pdf#page=455
:SPEED,action,extracted,"AREG_UserManual_en_08.pdf#page=106, AREG_UserManual_en_08.pdf#page=447, AREG_UserManual_en_08.pdf#page=450, AREG_UserManual_en_08.pdf#page=582"
:STAT:OPER:ENAB,action,extracted,AREG_UserManual_en_08.pdf#page=534
:STAT:OPER:EVEN?,query,extracted,AREG_UserManual_en_08.pdf#page=534
:STAT:OPER:NTR,action,extracted,AREG_UserManual_en_08.pdf#page=535
:STAT:OPER:PTR,action,extracted,AREG_UserManual_en_08.pdf#page=535
:STATE,action,extracted,"AREG_UserManual_en_08.pdf#page=105, AREG_UserManual_en_08.pdf#page=110, AREG_UserManual_en_08.pdf#page=120, AREG_UserManual_en_08.pdf#page=159, AREG_UserManual_en_08.pdf#page=170, AREG_UserManual_en_08.pdf#page=172, AREG_UserManual_en_08.pdf#page=184, AREG_UserManual_en_08.pdf#page=189, AREG_UserManual_en_08.pdf#page=194, AREG_UserManual_en_08.pdf#page=246, AREG_UserManual_en_08.pdf#page=247, AREG_UserManual_en_08.pdf#page=269, AREG_UserManual_en_08.pdf#page=272, AREG_UserManual_en_08.pdf#page=274, AREG_UserManual_en_08.pdf#page=275, AREG_UserManual_en_08.pdf#page=369, AREG_UserManual_en_08.pdf#page=372, AREG_UserManual_en_08.pdf#page=373, AREG_UserManual_en_08.pdf#page=383, AREG_UserManual_en_08.pdf#page=384, AREG_UserManual_en_08.pdf#page=385, AREG_UserManual_en_08.pdf#page=408, AREG_UserManual_en_08.pdf#page=409, AREG_UserManual_en_08.pdf#page=416, AREG_UserManual_en_08.pdf#page=424, AREG_UserManual_en_08.pdf#page=425, AREG_UserManual_en_08.pdf#page=426, AREG_UserManual_en_08.pdf#page=427, AREG_UserManual_en_08.pdf#page=428, AREG_UserManual_en_08.pdf#page=447, AREG_UserManual_en_08.pdf#page=448, AREG_UserManual_en_08.pdf#page=454, AREG_UserManual_en_08.pdf#page=461, AREG_UserManual_en_08.pdf#page=467, AREG_UserManual_en_08.pdf#page=469, AREG_UserManual_en_08.pdf#page=471, AREG_UserManual_en_08.pdf#page=474, AREG_UserManual_en_08.pdf#page=475, AREG_UserManual_en_08.pdf#page=481, AREG_UserManual_en_08.pdf#page=504, AREG_UserManual_en_08.pdf#page=505, AREG_UserManual_en_08.pdf#page=510, AREG_UserManual_en_08.pdf#page=512, AREG_UserManual_en_08.pdf#page=514, AREG_UserManual_en_08.pdf#page=515, AREG_UserManual_en_08.pdf#page=516, AREG_UserManual_en_08.pdf#page=521, AREG_UserManual_en_08.pdf#page=522, AREG_UserManual_en_08.pdf#page=524, AREG_UserManual_en_08.pdf#page=556, AREG_UserManual_en_08.pdf#page=575, AREG_UserManual_en_08.pdf#page=577, AREG_UserManual_en_08.pdf#page=578, AREG_UserManual_en_08.pdf#page=579, AREG_UserManual_en_08.pdf#page=580, AREG_UserManual_en_08.pdf#page=581, AREG_UserManual_en_08.pdf#page=582"
:STATUS,action,extracted,"AREG_UserManual_en_08.pdf#page=179, AREG_UserManual_en_08.pdf#page=522, AREG_UserManual_en_08.pdf#page=532, AREG_UserManual_en_08.pdf#page=576"
:STATUS:OPERATION,action,extracted,"AREG_UserManual_en_08.pdf#page=297, AREG_UserManual_en_08.pdf#page=534, AREG_UserManual_en_08.pdf#page=577"
:STATUS:OPERATION:CONDITION?,query,extracted,"AREG_UserManual_en_08.pdf#page=297, AREG_UserManual_en_08.pdf#page=534, AREG_UserManual_en_08.pdf#page=577"
:STATUS:OPERATION:ENABLE,action,extracted,"AREG_UserManual_en_08.pdf#page=534, AREG_UserManual_en_08.pdf#page=577"
:STATUS:OPERATION:NTRANSITION,action,extracted,"AREG_UserManual_en_08.pdf#page=534, AREG_UserManual_en_08.pdf#page=535, AREG_UserManual_en_08.pdf#page=577"
:STATUS:OPERATION:PTRANSITION,action,extracted,"AREG_UserManual_en_08.pdf#page=534, AREG_UserManual_en_08.pdf#page=535, AREG_UserManual_en_08.pdf#page=577"
:STATUS:PRESET,action,extracted,"AREG_UserManual_en_08.pdf#page=534, AREG_UserManual_en_08.pdf#page=535, AREG_UserManual_en_08.pdf#page=577"
:STATUS:QUESTIONABLE,action,extracted,"AREG_UserManual_en_08.pdf#page=297, AREG_UserManual_en_08.pdf#page=534, AREG_UserManual_en_08.pdf#page=536, AREG_UserManual_en_08.pdf#page=577"
:STATUS:QUESTIONABLE:CONDITION,action,extracted,"AREG_UserManual_en_08.pdf#page=534, AREG_UserManual_en_08.pdf#page=535, AREG_UserManual_en_08.pdf#page=577"
:STATUS:QUESTIONABLE:CONDITION?,query,extracted,AREG_UserManual_en_08.pdf#page=536
:STATUS:QUESTIONABLE:ENABLE,action,extracted,"AREG_UserManual_en_08.pdf#page=534, AREG_UserManual_en_08.pdf#page=536, AREG_UserManual_en_08.pdf#page=577"
:STATUS:QUESTIONABLE:NTRANSITION,action,extracted,"AREG_UserManual_en_08.pdf#page=534, AREG_UserManual_en_08.pdf#page=536, AREG_UserManual_en_08.pdf#page=577"
:STATUS:QUESTIONABLE:PTRANSITION,action,extracted,"AREG_UserManual_en_08.pdf#page=534, AREG_UserManual_en_08.pdf#page=536, AREG_UserManual_en_08.pdf#page=577"
:STATUS:QUEUE,action,extracted,"AREG_UserManual_en_08.pdf#page=534, AREG_UserManual_en_08.pdf#page=537, AREG_UserManual_en_08.pdf#page=577"
:STATUS:QUEUE?,query,extracted,AREG_UserManual_en_08.pdf#page=537
:STATUS?,query,extracted,"AREG_UserManual_en_08.pdf#page=133, AREG_UserManual_en_08.pdf#page=139, AREG_UserManual_en_08.pdf#page=475, AREG_UserManual_en_08.pdf#page=480, AREG_UserManual_en_08.pdf#page=581"
:SUBCHANNEL,action,extracted,"AREG_UserManual_en_08.pdf#page=105, AREG_UserManual_en_08.pdf#page=106, AREG_UserManual_en_08.pdf#page=107, AREG_UserManual_en_08.pdf#page=165, AREG_UserManual_en_08.pdf#page=166, AREG_UserManual_en_08.pdf#page=447, AREG_UserManual_en_08.pdf#page=448, AREG_UserManual_en_08.pdf#page=449, AREG_UserManual_en_08.pdf#page=450, AREG_UserManual_en_08.pdf#page=451, AREG_UserManual_en_08.pdf#page=452, AREG_UserManual_en_08.pdf#page=453, AREG_UserManual_en_08.pdf#page=467, AREG_UserManual_en_08.pdf#page=472, AREG_UserManual_en_08.pdf#page=473, AREG_UserManual_en_08.pdf#page=474, AREG_UserManual_en_08.pdf#page=581, AREG_UserManual_en_08.pdf#page=582, AREG_UserManual_en_08.pdf#page=583"
:SUBNET:MASK,action,extracted,"AREG_UserManual_en_08.pdf#page=198, AREG_UserManual_en_08.pdf#page=200, AREG_UserManual_en_08.pdf#page=301, AREG_UserManual_en_08.pdf#page=409, AREG_UserManual_en_08.pdf#page=420, AREG_UserManual_en_08.pdf#page=436, AREG_UserManual_en_08.pdf#page=437, AREG_UserManual_en_08.pdf#page=438, AREG_UserManual_en_08.pdf#page=439, AREG_UserManual_en_08.pdf#page=577, AREG_UserManual_en_08.pdf#page=578"
:SYST:INF:SCPI,action,extracted,"AREG_UserManual_en_08.pdf#page=347, AREG_UserManual_en_08.pdf#page=348"
:SYST:ULOC,action,extracted,AREG_UserManual_en_08.pdf#page=414
:SYSTEM,action,extracted,"AREG_UserManual_en_08.pdf#page=428, AREG_UserManual_en_08.pdf#page=429, AREG_UserManual_en_08.pdf#page=432"
:SYSTEM:BIOS:VERSION?,query,extracted,"AREG_UserManual_en_08.pdf#page=410, AREG_UserManual_en_08.pdf#page=433, AREG_UserManual_en_08.pdf#page=577"
:SYSTEM:COMMUNICATE:GPIB,action,extracted,"AREG_UserManual_en_08.pdf#page=304, AREG_UserManual_en_08.pdf#page=408, AREG_UserManual_en_08.pdf#page=417, AREG_UserManual_en_08.pdf#page=577"
:SYSTEM:COMMUNICATE:GPIB:LTERMINATOR,action,extracted,"AREG_UserManual_en_08.pdf#page=408, AREG_UserManual_en_08.pdf#page=416, AREG_UserManual_en_08.pdf#page=577"
:SYSTEM:COMMUNICATE:GPIB:RESOURCE?,query,extracted,"AREG_UserManual_en_08.pdf#page=408, AREG_UserManual_en_08.pdf#page=417, AREG_UserManual_en_08.pdf#page=577"
:SYSTEM:COMMUNICATE:HISLIP:RESOURCE?,query,extracted,"AREG_UserManual_en_08.pdf#page=302, AREG_UserManual_en_08.pdf#page=303, AREG_UserManual_en_08.pdf#page=408, AREG_UserManual_en_08.pdf#page=417, AREG_UserManual_en_08.pdf#page=577"
:SYSTEM:COMMUNICATE:NETWORK,action,extracted,"AREG_UserManual_en_08.pdf#page=300, AREG_UserManual_en_08.pdf#page=301, AREG_UserManual_en_08.pdf#page=409, AREG_UserManual_en_08.pdf#page=419, AREG_UserManual_en_08.pdf#page=420, AREG_UserManual_en_08.pdf#page=577"
:SYSTEM:COMMUNICATE:NETWORK:IPADDRESS,action,extracted,"AREG_UserManual_en_08.pdf#page=300, AREG_UserManual_en_08.pdf#page=408, AREG_UserManual_en_08.pdf#page=417, AREG_UserManual_en_08.pdf#page=577"
:SYSTEM:COMMUNICATE:NETWORK:IPADDRESS:MODE,action,extracted,"AREG_UserManual_en_08.pdf#page=300, AREG_UserManual_en_08.pdf#page=408, AREG_UserManual_en_08.pdf#page=418, AREG_UserManual_en_08.pdf#page=577"
:SYSTEM:COMMUNICATE:NETWORK:MACADDRESS,action,extracted,"AREG_UserManual_en_08.pdf#page=301, AREG_UserManual_en_08.pdf#page=408, AREG_UserManual_en_08.pdf#page=418, AREG_UserManual_en_08.pdf#page=577"
:SYSTEM:COMMUNICATE:NETWORK:RESOURCE?,query,extracted,"AREG_UserManual_en_08.pdf#page=302, AREG_UserManual_en_08.pdf#page=409, AREG_UserManual_en_08.pdf#page=418, AREG_UserManual_en_08.pdf#page=577"
:SYSTEM:COMMUNICATE:NETWORK:RESTART,action,extracted,"AREG_UserManual_en_08.pdf#page=300, AREG_UserManual_en_08.pdf#page=409, AREG_UserManual_en_08.pdf#page=418, AREG_UserManual_en_08.pdf#page=577"
:SYSTEM:COMMUNICATE:NETWORK:STATUS?,query,extracted,"AREG_UserManual_en_08.pdf#page=299, AREG_UserManual_en_08.pdf#page=409, AREG_UserManual_en_08.pdf#page=419, AREG_UserManual_en_08.pdf#page=577"
:SYSTEM:COMMUNICATE:RT:NETWORK,action,extracted,"AREG_UserManual_en_08.pdf#page=198, AREG_UserManual_en_08.pdf#page=200, AREG_UserManual_en_08.pdf#page=436, AREG_UserManual_en_08.pdf#page=437, AREG_UserManual_en_08.pdf#page=577"
:SYSTEM:COMMUNICATE:RT:NETWORK:IPADDRESS,action,extracted,"AREG_UserManual_en_08.pdf#page=198, AREG_UserManual_en_08.pdf#page=200, AREG_UserManual_en_08.pdf#page=436, AREG_UserManual_en_08.pdf#page=437, AREG_UserManual_en_08.pdf#page=577"
:SYSTEM:COMMUNICATE:RT:NETWORK:IPADDRESS:MODE,action,extracted,"AREG_UserManual_en_08.pdf#page=198, AREG_UserManual_en_08.pdf#page=200, AREG_UserManual_en_08.pdf#page=436, AREG_UserManual_en_08.pdf#page=437, AREG_UserManual_en_08.pdf#page=577"
:SYSTEM:COMMUNICATE:RT:NETWORK:MACADDRESS,action,extracted,"AREG_UserManual_en_08.pdf#page=198, AREG_UserManual_en_08.pdf#page=200, AREG_UserManual_en_08.pdf#page=436, AREG_UserManual_en_08.pdf#page=437, AREG_UserManual_en_08.pdf#page=577"
:SYSTEM:COMMUNICATE:RT:NETWORK:RESTART,action,extracted,"AREG_UserManual_en_08.pdf#page=197, AREG_UserManual_en_08.pdf#page=199, AREG_UserManual_en_08.pdf#page=436, AREG_UserManual_en_08.pdf#page=577"
:SYSTEM:COMMUNICATE:RT:NETWORK:STATUS,action,extracted,"AREG_UserManual_en_08.pdf#page=197, AREG_UserManual_en_08.pdf#page=199, AREG_UserManual_en_08.pdf#page=436, AREG_UserManual_en_08.pdf#page=577"
:SYSTEM:COMMUNICATE:SERIAL:BAUD,action,extracted,"AREG_UserManual_en_08.pdf#page=304, AREG_UserManual_en_08.pdf#page=409, AREG_UserManual_en_08.pdf#page=420, AREG_UserManual_en_08.pdf#page=577"
:SYSTEM:COMMUNICATE:SERIAL:PARITY,action,extracted,"AREG_UserManual_en_08.pdf#page=304, AREG_UserManual_en_08.pdf#page=409, AREG_UserManual_en_08.pdf#page=421, AREG_UserManual_en_08.pdf#page=577"
:SYSTEM:COMMUNICATE:SERIAL:RESOURCE?,query,extracted,"AREG_UserManual_en_08.pdf#page=303, AREG_UserManual_en_08.pdf#page=409, AREG_UserManual_en_08.pdf#page=421, AREG_UserManual_en_08.pdf#page=577"
:SYSTEM:COMMUNICATE:SERIAL:SBITS,action,extracted,"AREG_UserManual_en_08.pdf#page=305, AREG_UserManual_en_08.pdf#page=409, AREG_UserManual_en_08.pdf#page=421, AREG_UserManual_en_08.pdf#page=577"
:SYSTEM:COMMUNICATE:SOCKET:RESOURCE?,query,extracted,"AREG_UserManual_en_08.pdf#page=303, AREG_UserManual_en_08.pdf#page=409, AREG_UserManual_en_08.pdf#page=421, AREG_UserManual_en_08.pdf#page=577"
:SYSTEM:COMMUNICATE:SYST:NETWORK,action,extracted,"AREG_UserManual_en_08.pdf#page=198, AREG_UserManual_en_08.pdf#page=200, AREG_UserManual_en_08.pdf#page=438, AREG_UserManual_en_08.pdf#page=439, AREG_UserManual_en_08.pdf#page=578"
:SYSTEM:COMMUNICATE:SYST:NETWORK:IPADDRESS,action,extracted,"AREG_UserManual_en_08.pdf#page=198, AREG_UserManual_en_08.pdf#page=200, AREG_UserManual_en_08.pdf#page=438, AREG_UserManual_en_08.pdf#page=439, AREG_UserManual_en_08.pdf#page=577"
:SYSTEM:COMMUNICATE:SYST:NETWORK:IPADDRESS:MODE,action,extracted,"AREG_UserManual_en_08.pdf#page=198, AREG_UserManual_en_08.pdf#page=200, AREG_UserManual_en_08.pdf#page=438, AREG_UserManual_en_08.pdf#page=439, AREG_UserManual_en_08.pdf#page=578"
:SYSTEM:COMMUNICATE:SYST:NETWORK:MACADDRESS,action,extracted,"AREG_UserManual_en_08.pdf#page=198, AREG_UserManual_en_08.pdf#page=200, AREG_UserManual_en_08.pdf#page=438, AREG_UserManual_en_08.pdf#page=440, AREG_UserManual_en_08.pdf#page=578"
:SYSTEM:COMMUNICATE:SYST:NETWORK:RESTART,action,extracted,"AREG_UserManual_en_08.pdf#page=197, AREG_UserManual_en_08.pdf#page=199, AREG_UserManual_en_08.pdf#page=438, AREG_UserManual_en_08.pdf#page=439, AREG_UserManual_en_08.pdf#page=578"
:SYSTEM:COMMUNICATE:SYST:NETWORK:STATUS,action,extracted,"AREG_UserManual_en_08.pdf#page=197, AREG_UserManual_en_08.pdf#page=199, AREG_UserManual_en_08.pdf#page=438, AREG_UserManual_en_08.pdf#page=578"
:SYSTEM:COMMUNICATE:USB:RESOURCE?,query,extracted,"AREG_UserManual_en_08.pdf#page=303, AREG_UserManual_en_08.pdf#page=409, AREG_UserManual_en_08.pdf#page=421, AREG_UserManual_en_08.pdf#page=578"
:SYSTEM:DATE,action,extracted,"AREG_UserManual_en_08.pdf#page=409, AREG_UserManual_en_08.pdf#page=430, AREG_UserManual_en_08.pdf#page=558, AREG_UserManual_en_08.pdf#page=578"
:SYSTEM:DFPRINT,action,extracted,"AREG_UserManual_en_08.pdf#page=410, AREG_UserManual_en_08.pdf#page=434, AREG_UserManual_en_08.pdf#page=578"
:SYSTEM:DLOCK,action,extracted,"AREG_UserManual_en_08.pdf#page=271, AREG_UserManual_en_08.pdf#page=408, AREG_UserManual_en_08.pdf#page=413, AREG_UserManual_en_08.pdf#page=578"
:SYSTEM:ERROR,action,extracted,"AREG_UserManual_en_08.pdf#page=408, AREG_UserManual_en_08.pdf#page=412, AREG_UserManual_en_08.pdf#page=537, AREG_UserManual_en_08.pdf#page=542, AREG_UserManual_en_08.pdf#page=578"
:SYSTEM:ERROR:ALL?,query,extracted,"AREG_UserManual_en_08.pdf#page=408, AREG_UserManual_en_08.pdf#page=410, AREG_UserManual_en_08.pdf#page=411, AREG_UserManual_en_08.pdf#page=538, AREG_UserManual_en_08.pdf#page=539, AREG_UserManual_en_08.pdf#page=543, AREG_UserManual_en_08.pdf#page=578"
:SYSTEM:ERROR:CODE,action,extracted,"AREG_UserManual_en_08.pdf#page=408, AREG_UserManual_en_08.pdf#page=411, AREG_UserManual_en_08.pdf#page=539, AREG_UserManual_en_08.pdf#page=578"
:SYSTEM:ERROR:CODE:ALL?,query,extracted,"AREG_UserManual_en_08.pdf#page=408, AREG_UserManual_en_08.pdf#page=410, AREG_UserManual_en_08.pdf#page=578"
:SYSTEM:ERROR:COUNT?,query,extracted,"AREG_UserManual_en_08.pdf#page=408, AREG_UserManual_en_08.pdf#page=411, AREG_UserManual_en_08.pdf#page=578"
:SYSTEM:ERROR:GNEXT?,query,extracted,"AREG_UserManual_en_08.pdf#page=408, AREG_UserManual_en_08.pdf#page=412, AREG_UserManual_en_08.pdf#page=578"
:SYSTEM:ERROR:HISTORY:CLEAR,action,extracted,"AREG_UserManual_en_08.pdf#page=408, AREG_UserManual_en_08.pdf#page=412, AREG_UserManual_en_08.pdf#page=543, AREG_UserManual_en_08.pdf#page=578"
:SYSTEM:ERROR:STATIC?,query,extracted,"AREG_UserManual_en_08.pdf#page=408, AREG_UserManual_en_08.pdf#page=413, AREG_UserManual_en_08.pdf#page=539, AREG_UserManual_en_08.pdf#page=542, AREG_UserManual_en_08.pdf#page=578"
:SYSTEM:FPRESET,action,extracted,"AREG_UserManual_en_08.pdf#page=220, AREG_UserManual_en_08.pdf#page=367, AREG_UserManual_en_08.pdf#page=368, AREG_UserManual_en_08.pdf#page=578"
:SYSTEM:HELP:EXPORT,action,extracted,"AREG_UserManual_en_08.pdf#page=409, AREG_UserManual_en_08.pdf#page=422, AREG_UserManual_en_08.pdf#page=578"
:SYSTEM:IDENTIFICATION,action,extracted,"AREG_UserManual_en_08.pdf#page=306, AREG_UserManual_en_08.pdf#page=409, AREG_UserManual_en_08.pdf#page=422, AREG_UserManual_en_08.pdf#page=578"
:SYSTEM:IDENTIFICATION:PRESET,action,extracted,"AREG_UserManual_en_08.pdf#page=306, AREG_UserManual_en_08.pdf#page=409, AREG_UserManual_en_08.pdf#page=422, AREG_UserManual_en_08.pdf#page=578"
:SYSTEM:INFORMATION:SCPI,action,extracted,"AREG_UserManual_en_08.pdf#page=409, AREG_UserManual_en_08.pdf#page=424, AREG_UserManual_en_08.pdf#page=578"
:SYSTEM:IRESPONSE,action,extracted,"AREG_UserManual_en_08.pdf#page=306, AREG_UserManual_en_08.pdf#page=409, AREG_UserManual_en_08.pdf#page=423, AREG_UserManual_en_08.pdf#page=578"
:SYSTEM:KLOCK,action,extracted,"AREG_UserManual_en_08.pdf#page=271, AREG_UserManual_en_08.pdf#page=408, AREG_UserManual_en_08.pdf#page=413, AREG_UserManual_en_08.pdf#page=578"
:SYSTEM:LANGUAGE,action,extracted,"AREG_UserManual_en_08.pdf#page=305, AREG_UserManual_en_08.pdf#page=306, AREG_UserManual_en_08.pdf#page=409, AREG_UserManual_en_08.pdf#page=422, AREG_UserManual_en_08.pdf#page=423, AREG_UserManual_en_08.pdf#page=578"
:SYSTEM:LOCK:OWNER?,query,extracted,"AREG_UserManual_en_08.pdf#page=408, AREG_UserManual_en_08.pdf#page=414, AREG_UserManual_en_08.pdf#page=578"
:SYSTEM:LOCK:RELEASE:ALL,action,extracted,"AREG_UserManual_en_08.pdf#page=408, AREG_UserManual_en_08.pdf#page=415, AREG_UserManual_en_08.pdf#page=578"
:SYSTEM:LOCK:REQUEST,action,extracted,"AREG_UserManual_en_08.pdf#page=408, AREG_UserManual_en_08.pdf#page=415, AREG_UserManual_en_08.pdf#page=578"
:SYSTEM:MMEMORY:PATH:USER?,query,extracted,"AREG_UserManual_en_08.pdf#page=216, AREG_UserManual_en_08.pdf#page=395, AREG_UserManual_en_08.pdf#page=410, AREG_UserManual_en_08.pdf#page=433, AREG_UserManual_en_08.pdf#page=578"
:SYSTEM:NINFORMATION?,query,extracted,"AREG_UserManual_en_08.pdf#page=408, AREG_UserManual_en_08.pdf#page=413, AREG_UserManual_en_08.pdf#page=414, AREG_UserManual_en_08.pdf#page=578"
:SYSTEM:NTP:HOSTNAME,action,extracted,"AREG_UserManual_en_08.pdf#page=409, AREG_UserManual_en_08.pdf#page=431, AREG_UserManual_en_08.pdf#page=559, AREG_UserManual_en_08.pdf#page=578"
:SYSTEM:NTP:STATE,action,extracted,"AREG_UserManual_en_08.pdf#page=409, AREG_UserManual_en_08.pdf#page=431, AREG_UserManual_en_08.pdf#page=432, AREG_UserManual_en_08.pdf#page=559, AREG_UserManual_en_08.pdf#page=578"
:SYSTEM:ORESPONSE,action,extracted,"AREG_UserManual_en_08.pdf#page=306, AREG_UserManual_en_08.pdf#page=409, AREG_UserManual_en_08.pdf#page=423, AREG_UserManual_en_08.pdf#page=578"
:SYSTEM:OSYSTEM?,query,extracted,"AREG_UserManual_en_08.pdf#page=410, AREG_UserManual_en_08.pdf#page=433, AREG_UserManual_en_08.pdf#page=578"
:SYSTEM:PRESET,action,extracted,"AREG_UserManual_en_08.pdf#page=219, AREG_UserManual_en_08.pdf#page=367, AREG_UserManual_en_08.pdf#page=368, AREG_UserManual_en_08.pdf#page=578"
:SYSTEM:PROTECT,action,extracted,"AREG_UserManual_en_08.pdf#page=272, AREG_UserManual_en_08.pdf#page=373, AREG_UserManual_en_08.pdf#page=408, AREG_UserManual_en_08.pdf#page=416, AREG_UserManual_en_08.pdf#page=578"
:SYSTEM:RCL,action,extracted,"AREG_UserManual_en_08.pdf#page=408, AREG_UserManual_en_08.pdf#page=415, AREG_UserManual_en_08.pdf#page=578"
:SYSTEM:REBOOT,action,extracted,"AREG_UserManual_en_08.pdf#page=284, AREG_UserManual_en_08.pdf#page=410, AREG_UserManual_en_08.pdf#page=434, AREG_UserManual_en_08.pdf#page=578"
:SYSTEM:RESTART,action,extracted,"AREG_UserManual_en_08.pdf#page=410, AREG_UserManual_en_08.pdf#page=434, AREG_UserManual_en_08.pdf#page=578"
:SYSTEM:SAV,action,extracted,"AREG_UserManual_en_08.pdf#page=408, AREG_UserManual_en_08.pdf#page=415, AREG_UserManual_en_08.pdf#page=578"
:SYSTEM:SECURITY:NETWORK,action,extracted,"AREG_UserManual_en_08.pdf#page=274, AREG_UserManual_en_08.pdf#page=409, AREG_UserManual_en_08.pdf#page=427, AREG_UserManual_en_08.pdf#page=579"
:SYSTEM:SECURITY:NETWORK:AVAHI,action,extracted,"AREG_UserManual_en_08.pdf#page=275, AREG_UserManual_en_08.pdf#page=409, AREG_UserManual_en_08.pdf#page=424, AREG_UserManual_en_08.pdf#page=578"
:SYSTEM:SECURITY:NETWORK:FTP,action,extracted,"AREG_UserManual_en_08.pdf#page=275, AREG_UserManual_en_08.pdf#page=409, AREG_UserManual_en_08.pdf#page=424, AREG_UserManual_en_08.pdf#page=578"
:SYSTEM:SECURITY:NETWORK:HTTP,action,extracted,"AREG_UserManual_en_08.pdf#page=275, AREG_UserManual_en_08.pdf#page=409, AREG_UserManual_en_08.pdf#page=424, AREG_UserManual_en_08.pdf#page=578"
:SYSTEM:SECURITY:NETWORK:RAW,action,extracted,"AREG_UserManual_en_08.pdf#page=409, AREG_UserManual_en_08.pdf#page=425, AREG_UserManual_en_08.pdf#page=578"
:SYSTEM:SECURITY:NETWORK:REMSUPPORT,action,extracted,"AREG_UserManual_en_08.pdf#page=275, AREG_UserManual_en_08.pdf#page=409, AREG_UserManual_en_08.pdf#page=425, AREG_UserManual_en_08.pdf#page=578"
:SYSTEM:SECURITY:NETWORK:RPC,action,extracted,"AREG_UserManual_en_08.pdf#page=409, AREG_UserManual_en_08.pdf#page=425, AREG_UserManual_en_08.pdf#page=578"
:SYSTEM:SECURITY:NETWORK:SMB,action,extracted,"AREG_UserManual_en_08.pdf#page=275, AREG_UserManual_en_08.pdf#page=409, AREG_UserManual_en_08.pdf#page=425, AREG_UserManual_en_08.pdf#page=578"
:SYSTEM:SECURITY:NETWORK:SOE,action,extracted,"AREG_UserManual_en_08.pdf#page=274, AREG_UserManual_en_08.pdf#page=409, AREG_UserManual_en_08.pdf#page=426, AREG_UserManual_en_08.pdf#page=578"
:SYSTEM:SECURITY:NETWORK:SSH,action,extracted,"AREG_UserManual_en_08.pdf#page=274, AREG_UserManual_en_08.pdf#page=409, AREG_UserManual_en_08.pdf#page=426, AREG_UserManual_en_08.pdf#page=578"
:SYSTEM:SECURITY:NETWORK:SWUPDATE,action,extracted,"AREG_UserManual_en_08.pdf#page=275, AREG_UserManual_en_08.pdf#page=409, AREG_UserManual_en_08.pdf#page=426, AREG_UserManual_en_08.pdf#page=579"
:SYSTEM:SECURITY:NETWORK:VNC,action,extracted,"AREG_UserManual_en_08.pdf#page=274, AREG_UserManual_en_08.pdf#page=409, AREG_UserManual_en_08.pdf#page=427, AREG_UserManual_en_08.pdf#page=579"
:SYSTEM:SECURITY:SANITIZE,action,extracted,"AREG_UserManual_en_08.pdf#page=269, AREG_UserManual_en_08.pdf#page=409, AREG_UserManual_en_08.pdf#page=427, AREG_UserManual_en_08.pdf#page=579"
:SYSTEM:SECURITY:VOLMODE,action,extracted,"AREG_UserManual_en_08.pdf#page=269, AREG_UserManual_en_08.pdf#page=409, AREG_UserManual_en_08.pdf#page=428, AREG_UserManual_en_08.pdf#page=579"
:SYSTEM:SHUTDOWN,action,extracted,"AREG_UserManual_en_08.pdf#page=284, AREG_UserManual_en_08.pdf#page=410, AREG_UserManual_en_08.pdf#page=434, AREG_UserManual_en_08.pdf#page=565, AREG_UserManual_en_08.pdf#page=579"
:SYSTEM:SPECIFICATION,action,extracted,AREG_UserManual_en_08.pdf#page=428
:SYSTEM:SPECIFICATION:IDENTIFICATION:CATALOG?,query,extracted,"AREG_UserManual_en_08.pdf#page=409, AREG_UserManual_en_08.pdf#page=429, AREG_UserManual_en_08.pdf#page=579"
:SYSTEM:SPECIFICATION:PARAMETER?,query,extracted,"AREG_UserManual_en_08.pdf#page=409, AREG_UserManual_en_08.pdf#page=429, AREG_UserManual_en_08.pdf#page=579"
:SYSTEM:SPECIFICATION:VERSION,action,extracted,"AREG_UserManual_en_08.pdf#page=409, AREG_UserManual_en_08.pdf#page=428, AREG_UserManual_en_08.pdf#page=579"
:SYSTEM:SPECIFICATION:VERSION:CATALOG?,query,extracted,"AREG_UserManual_en_08.pdf#page=409, AREG_UserManual_en_08.pdf#page=429, AREG_UserManual_en_08.pdf#page=579"
:SYSTEM:SPECIFICATION:VERSION:FACTORY?,query,extracted,"AREG_UserManual_en_08.pdf#page=409, AREG_UserManual_en_08.pdf#page=429, AREG_UserManual_en_08.pdf#page=549, AREG_UserManual_en_08.pdf#page=579"
:SYSTEM:SPECIFICATION?,query,extracted,"AREG_UserManual_en_08.pdf#page=409, AREG_UserManual_en_08.pdf#page=428, AREG_UserManual_en_08.pdf#page=429, AREG_UserManual_en_08.pdf#page=430, AREG_UserManual_en_08.pdf#page=579"
:SYSTEM:SRDATA?,query,extracted,"AREG_UserManual_en_08.pdf#page=409, AREG_UserManual_en_08.pdf#page=430, AREG_UserManual_en_08.pdf#page=579"
:SYSTEM:STARTUP:COMPLETE?,query,extracted,"AREG_UserManual_en_08.pdf#page=409, AREG_UserManual_en_08.pdf#page=430, AREG_UserManual_en_08.pdf#page=579"
:SYSTEM:TIME,action,extracted,"AREG_UserManual_en_08.pdf#page=409, AREG_UserManual_en_08.pdf#page=431, AREG_UserManual_en_08.pdf#page=558, AREG_UserManual_en_08.pdf#page=579"
:SYSTEM:TIME:PROTOCOL,action,extracted,"AREG_UserManual_en_08.pdf#page=410, AREG_UserManual_en_08.pdf#page=432, AREG_UserManual_en_08.pdf#page=559, AREG_UserManual_en_08.pdf#page=579"
:SYSTEM:TIME:ZONE,action,extracted,"AREG_UserManual_en_08.pdf#page=409, AREG_UserManual_en_08.pdf#page=432, AREG_UserManual_en_08.pdf#page=559, AREG_UserManual_en_08.pdf#page=579"
:SYSTEM:TIME:ZONE:CATALOG?,query,extracted,"AREG_UserManual_en_08.pdf#page=409, AREG_UserManual_en_08.pdf#page=432, AREG_UserManual_en_08.pdf#page=559, AREG_UserManual_en_08.pdf#page=579"
:SYSTEM:ULOCK,action,extracted,"AREG_UserManual_en_08.pdf#page=271, AREG_UserManual_en_08.pdf#page=408, AREG_UserManual_en_08.pdf#page=414, AREG_UserManual_en_08.pdf#page=579"
:SYSTEM:UPTIME?,query,extracted,"AREG_UserManual_en_08.pdf#page=410, AREG_UserManual_en_08.pdf#page=432, AREG_UserManual_en_08.pdf#page=579"
:SYSTEM:VERSION?,query,extracted,"AREG_UserManual_en_08.pdf#page=410, AREG_UserManual_en_08.pdf#page=433, AREG_UserManual_en_08.pdf#page=579"
:SYSTEM:WAIT,action,extracted,"AREG_UserManual_en_08.pdf#page=410, AREG_UserManual_en_08.pdf#page=435, AREG_UserManual_en_08.pdf#page=579"
:TEST,action,extracted,"AREG_UserManual_en_08.pdf#page=440, AREG_UserManual_en_08.pdf#page=441, AREG_UserManual_en_08.pdf#page=579"
:TEST:PIXEL:COLOR,action,extracted,"AREG_UserManual_en_08.pdf#page=440, AREG_UserManual_en_08.pdf#page=441, AREG_UserManual_en_08.pdf#page=564, AREG_UserManual_en_08.pdf#page=579"
:TEST:PIXEL:GRADIENT,action,extracted,"AREG_UserManual_en_08.pdf#page=440, AREG_UserManual_en_08.pdf#page=441, AREG_UserManual_en_08.pdf#page=564, AREG_UserManual_en_08.pdf#page=579"
:TEST:PIXEL:POINTSIZE,action,extracted,"AREG_UserManual_en_08.pdf#page=440, AREG_UserManual_en_08.pdf#page=441, AREG_UserManual_en_08.pdf#page=564, AREG_UserManual_en_08.pdf#page=579"
:TEST:PIXEL:RGBA,action,extracted,"AREG_UserManual_en_08.pdf#page=440, AREG_UserManual_en_08.pdf#page=442, AREG_UserManual_en_08.pdf#page=564, AREG_UserManual_en_08.pdf#page=579"
:TEST:PIXEL:TEXT,action,extracted,"AREG_UserManual_en_08.pdf#page=440, AREG_UserManual_en_08.pdf#page=442, AREG_UserManual_en_08.pdf#page=564, AREG_UserManual_en_08.pdf#page=579"
:TEST:PIXEL:WINDOW,action,extracted,"AREG_UserManual_en_08.pdf#page=440, AREG_UserManual_en_08.pdf#page=442, AREG_UserManual_en_08.pdf#page=564, AREG_UserManual_en_08.pdf#page=579"
:TYPE?,query,extracted,"AREG_UserManual_en_08.pdf#page=125, AREG_UserManual_en_08.pdf#page=175, AREG_UserManual_en_08.pdf#page=179, AREG_UserManual_en_08.pdf#page=476, AREG_UserManual_en_08.pdf#page=522, AREG_UserManual_en_08.pdf#page=533, AREG_UserManual_en_08.pdf#page=576, AREG_UserManual_en_08.pdf#page=581"
:UNIT,action,extracted,"AREG_UserManual_en_08.pdf#page=179, AREG_UserManual_en_08.pdf#page=522, AREG_UserManual_en_08.pdf#page=525, AREG_UserManual_en_08.pdf#page=526, AREG_UserManual_en_08.pdf#page=576"
:USER,action,extracted,"AREG_UserManual_en_08.pdf#page=181, AREG_UserManual_en_08.pdf#page=522, AREG_UserManual_en_08.pdf#page=528, AREG_UserManual_en_08.pdf#page=576"
:VALUE,action,extracted,"AREG_UserManual_en_08.pdf#page=319, AREG_UserManual_en_08.pdf#page=320, AREG_UserManual_en_08.pdf#page=376, AREG_UserManual_en_08.pdf#page=379, AREG_UserManual_en_08.pdf#page=584"
:WINDOW,action,extracted,"Remote_Control_SCPI_GettingStarted_en_04.pdf#page=15, Remote_Control_SCPI_GettingStarted_en_04.pdf#page=16"
:WORKGROUP,action,extracted,"AREG_UserManual_en_08.pdf#page=300, AREG_UserManual_en_08.pdf#page=409, AREG_UserManual_en_08.pdf#page=419, AREG_UserManual_en_08.pdf#page=577"
:YEAR:STATE,action,extracted,"AREG_UserManual_en_08.pdf#page=242, AREG_UserManual_en_08.pdf#page=391, AREG_UserManual_en_08.pdf#page=393, AREG_UserManual_en_08.pdf#page=576"
:ZERO,action,extracted,"AREG_UserManual_en_08.pdf#page=179, AREG_UserManual_en_08.pdf#page=522, AREG_UserManual_en_08.pdf#page=533, AREG_UserManual_en_08.pdf#page=576"
